segmento_id,osm_via_id,rodovia,nome_via,sentido_osm,faixas,velocidade_max_kmh,latitude,longitude,comprimento_segmento_m,distancia_vegetacao_m,tipo_vegetacao,osm_vegetacao_tipo,osm_vegetacao_id,score_prioridade,prioridade_inspecao
1,4523218,SP-348,Rodovia dos Bandeirantes,yes,3,120,-23.1457918,-46.9660387,93.0,93.4,wood,way,1094352275,70.1,alta
2,4523218,SP-348,Rodovia dos Bandeirantes,yes,3,120,-23.1462306,-46.9652823,89.9,95.7,wood,way,1094352275,69.5,media
3,4523218,SP-348,Rodovia dos Bandeirantes,yes,3,120,-23.1467291,-46.964495,105.6,166.4,wood,way,1094352275,50.6,media
4,4523218,SP-348,Rodovia dos Bandeirantes,yes,3,120,-23.1471814,-46.9638248,64.5,180.9,wood,way,1094352229,46.8,media
5,4523218,SP-348,Rodovia dos Bandeirantes,yes,3,120,-23.147608,-46.9632436,87.7,156.3,wood,way,1094352110,53.3,media
6,4523218,SP-348,Rodovia dos Bandeirantes,yes,3,120,-23.1482696,-46.9624215,135.8,85.7,wood,way,1094352110,72.2,alta
7,4523218,SP-348,Rodovia dos Bandeirantes,yes,3,120,-23.1489754,-46.9616072,93.1,52.3,wood,way,1094352110,81.0,alta
8,4523218,SP-348,Rodovia dos Bandeirantes,yes,3,120,-23.1495415,-46.9610117,82.1,50.0,wood,way,1094352110,81.7,alta
9,4523218,SP-348,Rodovia dos Bandeirantes,yes,3,120,-23.1502813,-46.9603101,136.2,57.8,wood,way,1094352110,79.6,alta
10,4523218,SP-348,Rodovia dos Bandeirantes,yes,3,120,-23.1512054,-46.9594768,130.7,100.6,wood,way,1094352110,68.2,media
11,4523218,SP-348,Rodovia dos Bandeirantes,yes,3,120,-23.1526044,-46.9582434,269.7,50.5,wood,way,1094352119,81.5,alta
12,4523218,SP-348,Rodovia dos Bandeirantes,yes,3,120,-23.1538952,-46.957095,101.2,26.7,wood,way,1094352119,87.9,alta
13,4523218,SP-348,Rodovia dos Bandeirantes,yes,3,120,-23.1549165,-46.9561678,194.7,21.7,wood,way,1094352119,89.2,alta
14,4523218,SP-348,Rodovia dos Bandeirantes,yes,3,120,-23.1561543,-46.9550141,167.9,101.4,wood,way,1094352119,68.0,media
15,4523218,SP-348,Rodovia dos Bandeirantes,yes,3,120,-23.1570493,-46.954123,102.0,235.9,wood,way,1094352119,32.1,baixa
16,4904216,SP-348,Rodovia dos Bandeirantes,yes,3,120,-23.1568963,-46.9536742,62.6,260.3,wood,way,1094352119,25.6,baixa
17,4904216,SP-348,Rodovia dos Bandeirantes,yes,3,120,-23.1561157,-46.9544519,172.9,147.6,wood,way,1094352119,55.6,media
18,4904216,SP-348,Rodovia dos Bandeirantes,yes,3,120,-23.1547665,-46.9557164,223.3,61.2,wood,way,1094352119,78.7,alta
19,4904216,SP-348,Rodovia dos Bandeirantes,yes,3,120,-23.1527055,-46.9575664,371.0,45.2,wood,way,1094352184,82.9,alta
20,4904216,SP-348,Rodovia dos Bandeirantes,yes,3,120,-23.150818,-46.9592524,172.2,57.0,wood,way,1094352110,79.8,alta
21,4904216,SP-348,Rodovia dos Bandeirantes,yes,3,120,-23.1499552,-46.9600323,77.3,12.6,wood,way,1094352110,91.6,alta
22,4904216,SP-348,Rodovia dos Bandeirantes,yes,3,120,-23.1494472,-46.9605097,72.0,0.2,wood,way,1094352110,95.0,alta
23,4904216,SP-348,Rodovia dos Bandeirantes,yes,3,120,-23.1488861,-46.9610838,99.3,7.9,wood,way,1094352110,92.9,alta
24,4904216,SP-348,Rodovia dos Bandeirantes,yes,3,120,-23.1482769,-46.9617475,92.5,24.0,wood,way,1094352110,88.6,alta
25,4904216,SP-348,Rodovia dos Bandeirantes,yes,3,120,-23.1477849,-46.9623122,66.6,63.0,wood,way,1094352110,78.2,alta
26,4904216,SP-348,Rodovia dos Bandeirantes,yes,3,120,-23.1473423,-46.9628558,82.0,121.4,wood,way,1094352110,62.6,media
27,4904216,SP-348,Rodovia dos Bandeirantes,yes,3,120,-23.1469094,-46.9634379,71.2,193.6,wood,way,1094352110,43.4,media
28,4904216,SP-348,Rodovia dos Bandeirantes,yes,3,120,-23.1465095,-46.9640227,77.9,171.3,wood,way,1094352275,49.3,media
29,4904216,SP-348,Rodovia dos Bandeirantes,yes,3,120,-23.1458187,-46.9651658,201.9,50.0,wood,way,1094352275,81.7,alta
30,4904217,SP-348,Rodovia dos Bandeirantes,yes,3,120,-23.0241262,-47.0762892,11.9,212.9,wood,way,1094356584,38.2,baixa
31,4904219,SP-348,Rodovia dos Bandeirantes,yes,3,120,-23.0240251,-47.0758608,15.4,168.8,wood,way,1094356584,50.0,media
32,4904220,SP-348,Rodovia dos Bandeirantes,yes,3,120,-22.9339023,-47.1279464,113.8,8.0,grass,way,1413364011,82.9,alta
33,4904220,SP-348,Rodovia dos Bandeirantes,yes,3,120,-22.9352889,-47.1275754,203.8,7.0,grass,way,1413364011,83.1,alta
34,4904220,SP-348,Rodovia dos Bandeirantes,yes,3,120,-22.9368472,-47.127148,153.7,6.2,grass,way,1413364011,83.4,alta
35,4904220,SP-348,Rodovia dos Bandeirantes,yes,3,120,-22.937796,-47.1268831,64.2,5.8,grass,way,1413364011,83.5,alta
36,4904220,SP-348,Rodovia dos Bandeirantes,yes,3,120,-22.9382942,-47.126759,49.5,5.6,grass,way,1413364011,83.5,alta
37,4904220,SP-348,Rodovia dos Bandeirantes,yes,3,120,-22.9390811,-47.1266054,128.3,6.5,grass,way,1413364011,83.3,alta
38,4904220,SP-348,Rodovia dos Bandeirantes,yes,3,120,-22.9398767,-47.1264621,51.0,6.2,grass,way,1413364011,83.3,alta
39,4904220,SP-348,Rodovia dos Bandeirantes,yes,3,120,-22.940504,-47.1263704,89.7,5.9,grass,way,1413364011,83.4,alta
40,4904220,SP-348,Rodovia dos Bandeirantes,yes,3,120,-22.9411189,-47.126291,48.0,5.7,grass,way,1413364011,83.5,alta
41,4904220,SP-348,Rodovia dos Bandeirantes,yes,3,120,-22.941553,-47.1262521,48.9,6.4,grass,way,1413364011,83.3,alta
42,4904220,SP-348,Rodovia dos Bandeirantes,yes,3,120,-22.9421858,-47.1262074,92.1,7.0,grass,way,1413364011,83.1,alta
43,4904220,SP-348,Rodovia dos Bandeirantes,yes,3,120,-22.9433514,-47.1261544,167.4,6.8,grass,way,1413364011,83.2,alta
44,4904220,SP-348,Rodovia dos Bandeirantes,yes,3,120,-22.9444806,-47.1261291,83.8,5.7,grass,way,1413364011,83.5,alta
45,4904220,SP-348,Rodovia dos Bandeirantes,yes,3,120,-22.9450464,-47.1261235,42.0,6.7,grass,way,1413364011,83.2,alta
46,4904220,SP-348,Rodovia dos Bandeirantes,yes,3,120,-22.9454234,-47.1261183,41.8,6.8,grass,way,1413364011,83.2,alta
47,4904220,SP-348,Rodovia dos Bandeirantes,yes,3,120,-22.9467561,-47.1260843,254.7,6.3,grass,way,1413364011,83.3,alta
48,4904220,SP-348,Rodovia dos Bandeirantes,yes,3,120,-22.948492,-47.1260557,131.5,6.3,grass,way,1413364011,83.3,alta
49,4904220,SP-348,Rodovia dos Bandeirantes,yes,3,120,-22.9499367,-47.1260488,189.8,6.4,grass,way,1413364011,83.3,alta
50,4904220,SP-348,Rodovia dos Bandeirantes,yes,3,120,-22.9512428,-47.1260326,100.7,7.1,grass,way,1413364011,83.1,alta
51,4904220,SP-348,Rodovia dos Bandeirantes,yes,3,120,-22.9521383,-47.1260201,98.4,6.6,grass,way,1413364011,83.2,alta
52,4904220,SP-348,Rodovia dos Bandeirantes,yes,3,120,-22.9542773,-47.1259844,377.3,6.4,grass,way,1413364011,83.3,alta
53,4904220,SP-348,Rodovia dos Bandeirantes,yes,3,120,-22.956188,-47.1259441,47.7,5.2,grass,way,1413364011,83.6,alta
54,4908465,SP-348,Rodovia dos Bandeirantes,yes,2,120,-22.9254884,-47.1298887,149.4,3.4,grass,way,1413364012,84.1,alta
55,4908465,SP-348,Rodovia dos Bandeirantes,yes,2,120,-22.9246793,-47.1302284,43.7,3.3,grass,way,1413364012,84.1,alta
56,4908465,SP-348,Rodovia dos Bandeirantes,yes,2,120,-22.9243546,-47.1304066,37.3,2.9,grass,way,1413364012,84.2,alta
57,4908465,SP-348,Rodovia dos Bandeirantes,yes,2,120,-22.9238793,-47.1307111,85.5,3.5,grass,way,1413364012,84.1,alta
58,4908465,SP-348,Rodovia dos Bandeirantes,yes,2,120,-22.9233262,-47.131104,61.6,3.4,grass,way,1413364012,84.1,alta
59,4908466,SP-348,Rodovia dos Bandeirantes,yes,3,120,-22.886662,-47.2297908,25.5,5.8,grass,way,1425101947,83.5,alta
60,4908466,SP-348,Rodovia dos Bandeirantes,yes,3,120,-22.8868785,-47.2296855,27.3,6.0,grass,way,1425101947,83.4,alta
61,4908466,SP-348,Rodovia dos Bandeirantes,yes,3,120,-22.8871125,-47.2295821,28.9,6.1,grass,way,1425101947,83.4,alta
62,4908466,SP-348,Rodovia dos Bandeirantes,yes,3,120,-22.8873635,-47.2294807,30.7,5.8,grass,way,1425101947,83.4,alta
63,4908466,SP-348,Rodovia dos Bandeirantes,yes,3,120,-22.8876154,-47.2293914,28.2,5.8,grass,way,1425101947,83.5,alta
64,4908466,SP-348,Rodovia dos Bandeirantes,yes,3,120,-22.8878779,-47.2293091,32.5,6.0,grass,way,1425101947,83.4,alta
65,4908466,SP-348,Rodovia dos Bandeirantes,yes,3,120,-22.8881432,-47.2292301,28.7,5.5,grass,way,1425101947,83.5,alta
66,4908466,SP-348,Rodovia dos Bandeirantes,yes,3,120,-22.8891063,-47.2289784,191.7,6.0,grass,way,1425101947,83.4,alta
67,4908466,SP-348,Rodovia dos Bandeirantes,yes,3,120,-22.8907595,-47.2285527,186.2,6.0,grass,way,1425101947,83.4,alta
68,4908466,SP-348,Rodovia dos Bandeirantes,yes,3,120,-22.8917935,-47.2282625,51.5,5.0,grass,way,1425101948,83.7,alta
69,4908466,SP-348,Rodovia dos Bandeirantes,yes,3,120,-22.8921568,-47.2281373,33.3,4.3,grass,way,1425101948,83.9,alta
70,4908466,SP-348,Rodovia dos Bandeirantes,yes,3,120,-22.8924705,-47.2280246,40.2,4.4,grass,way,1425101948,83.8,alta
71,4908466,SP-348,Rodovia dos Bandeirantes,yes,3,120,-22.8927745,-47.2279039,31.8,5.3,grass,way,1425101948,83.6,alta
72,4908466,SP-348,Rodovia dos Bandeirantes,yes,3,120,-22.8930333,-47.2277833,30.9,5.7,grass,way,1425101948,83.5,alta
73,4908466,SP-348,Rodovia dos Bandeirantes,yes,3,120,-22.8932925,-47.2276461,33.2,5.8,grass,way,1425101948,83.5,alta
74,4908466,SP-348,Rodovia dos Bandeirantes,yes,3,120,-22.8935406,-47.2275037,29.2,6.1,grass,way,1425101948,83.4,alta
75,4908466,SP-348,Rodovia dos Bandeirantes,yes,3,120,-22.8937729,-47.2273543,30.8,6.7,grass,way,1425101948,83.2,alta
76,4908466,SP-348,Rodovia dos Bandeirantes,yes,3,120,-22.8940135,-47.2271859,32.9,6.7,grass,way,1425101948,83.2,alta
77,4908466,SP-348,Rodovia dos Bandeirantes,yes,3,120,-22.8942501,-47.2270012,31.9,6.2,grass,way,1425101948,83.4,alta
78,4908466,SP-348,Rodovia dos Bandeirantes,yes,3,120,-22.8944912,-47.2267934,36.5,5.7,grass,way,1425101948,83.5,alta
79,4908466,SP-348,Rodovia dos Bandeirantes,yes,3,120,-22.8947329,-47.2265672,34.5,6.0,grass,way,1425101948,83.4,alta
80,4908466,SP-348,Rodovia dos Bandeirantes,yes,3,120,-22.8949511,-47.2263434,32.3,6.0,grass,way,1425101948,83.4,alta
81,4908466,SP-348,Rodovia dos Bandeirantes,yes,3,120,-22.8951828,-47.2260848,41.6,5.8,grass,way,1425101948,83.5,alta
82,4908466,SP-348,Rodovia dos Bandeirantes,yes,3,120,-22.895413,-47.2258049,35.3,6.4,grass,way,1425101948,83.3,alta
83,4908466,SP-348,Rodovia dos Bandeirantes,yes,3,120,-22.8956356,-47.2254972,44.9,6.4,grass,way,1425101948,83.3,alta
84,4908466,SP-348,Rodovia dos Bandeirantes,yes,3,120,-22.895852,-47.2251663,38.3,6.4,grass,way,1425101948,83.3,alta
85,4908466,SP-348,Rodovia dos Bandeirantes,yes,3,120,-22.8960377,-47.2248407,40.2,6.1,grass,way,1425101948,83.4,alta
86,4908466,SP-348,Rodovia dos Bandeirantes,yes,3,120,-22.8961956,-47.2245355,31.5,6.3,grass,way,1425101948,83.3,alta
87,4908466,SP-348,Rodovia dos Bandeirantes,yes,3,120,-22.8963306,-47.2242476,34.7,6.3,grass,way,1425101948,83.3,alta
88,4908466,SP-348,Rodovia dos Bandeirantes,yes,3,120,-22.8964498,-47.2239626,29.5,6.2,grass,way,1425101948,83.3,alta
89,4908466,SP-348,Rodovia dos Bandeirantes,yes,3,120,-22.896564,-47.2236531,38.8,6.3,grass,way,1425101948,83.3,alta
90,4908466,SP-348,Rodovia dos Bandeirantes,yes,3,120,-22.8966786,-47.2232964,38.6,6.3,grass,way,1425101948,83.3,alta
91,4908466,SP-348,Rodovia dos Bandeirantes,yes,3,120,-22.8967775,-47.2229509,35.5,6.1,grass,way,1425101948,83.4,alta
92,4908466,SP-348,Rodovia dos Bandeirantes,yes,3,120,-22.8968658,-47.2226227,34.5,6.1,grass,way,1425101948,83.4,alta
93,4908466,SP-348,Rodovia dos Bandeirantes,yes,3,120,-22.896973,-47.2221885,57.6,6.2,grass,way,1425101948,83.4,alta
94,4908466,SP-348,Rodovia dos Bandeirantes,yes,3,120,-22.8971817,-47.2213194,126.4,6.2,grass,way,1425101948,83.3,alta
95,4908466,SP-348,Rodovia dos Bandeirantes,yes,3,120,-22.8976089,-47.2195437,249.6,6.7,grass,way,1413366128,83.2,alta
96,4908466,SP-348,Rodovia dos Bandeirantes,yes,3,120,-22.8981497,-47.2172857,228.4,6.0,grass,way,1413366128,83.4,alta
97,4908466,SP-348,Rodovia dos Bandeirantes,yes,3,120,-22.8986097,-47.215384,174.4,6.0,grass,way,1413366128,83.4,alta
98,4908466,SP-348,Rodovia dos Bandeirantes,yes,3,120,-22.8989761,-47.2138791,144.5,6.9,grass,way,1413366128,83.2,alta
99,4908466,SP-348,Rodovia dos Bandeirantes,yes,3,120,-22.8992146,-47.2129251,58.1,6.0,grass,way,1413366128,83.4,alta
100,4908466,SP-348,Rodovia dos Bandeirantes,yes,3,120,-22.8993782,-47.2123609,63.1,6.0,grass,way,1413366128,83.4,alta
101,4908466,SP-348,Rodovia dos Bandeirantes,yes,3,120,-22.8995401,-47.211841,49.3,5.5,grass,way,1413366128,83.5,alta
102,4908466,SP-348,Rodovia dos Bandeirantes,yes,3,120,-22.8997257,-47.2113135,66.4,6.0,grass,way,1413366128,83.4,alta
103,4908466,SP-348,Rodovia dos Bandeirantes,yes,3,120,-22.8999148,-47.2108013,46.7,5.8,grass,way,1413366128,83.5,alta
104,4908466,SP-348,Rodovia dos Bandeirantes,yes,3,120,-22.9000897,-47.2103558,52.5,5.5,grass,way,1413366128,83.5,alta
105,4908466,SP-348,Rodovia dos Bandeirantes,yes,3,120,-22.9003684,-47.2097416,87.8,6.5,grass,way,1413366128,83.3,alta
106,4908466,SP-348,Rodovia dos Bandeirantes,yes,3,120,-22.9007451,-47.2089837,88.7,8.5,grass,way,1413364015,82.7,alta
107,4908466,SP-348,Rodovia dos Bandeirantes,yes,3,120,-22.9013617,-47.2078484,181.3,9.3,grass,way,1413364015,82.5,alta
108,4908466,SP-348,Rodovia dos Bandeirantes,yes,3,120,-22.9019298,-47.20686,57.4,6.2,grass,way,1413364015,83.3,alta
109,4908466,SP-348,Rodovia dos Bandeirantes,yes,3,120,-22.9027188,-47.2056908,239.5,5.8,grass,way,1413364015,83.4,alta
110,4908467,SP-348,Rodovia dos Bandeirantes,yes,3,120,-22.8864007,-47.229678,36.2,5.9,grass,way,1425101947,83.4,alta
111,4908467,SP-348,Rodovia dos Bandeirantes,yes,3,120,-22.8861158,-47.2298481,36.2,5.8,grass,way,1425101947,83.4,alta
112,4908467,SP-348,Rodovia dos Bandeirantes,yes,3,120,-22.8858593,-47.2300193,30.8,5.8,grass,way,1425101947,83.4,alta
113,4908467,SP-348,Rodovia dos Bandeirantes,yes,3,120,-22.8856082,-47.2302045,36.7,6.1,grass,way,1425101947,83.4,alta
114,4908467,SP-348,Rodovia dos Bandeirantes,yes,3,120,-22.8853268,-47.2304352,41.7,7.3,grass,way,1425101947,83.1,alta
115,4908467,SP-348,Rodovia dos Bandeirantes,yes,3,120,-22.8850786,-47.2306607,30.3,7.2,grass,way,1425101947,83.1,alta
116,4908467,SP-348,Rodovia dos Bandeirantes,yes,3,120,-22.884853,-47.2308946,39.1,6.7,grass,way,1425101947,83.2,alta
117,4908467,SP-348,Rodovia dos Bandeirantes,yes,3,120,-22.8846204,-47.2311515,34.7,5.2,grass,way,1425101947,83.6,alta
118,4908467,SP-348,Rodovia dos Bandeirantes,yes,3,120,-22.8843895,-47.2314236,41.1,5.4,grass,way,1425101947,83.6,alta
119,4908467,SP-348,Rodovia dos Bandeirantes,yes,3,120,-22.884154,-47.2317309,40.8,6.0,grass,way,1425101947,83.4,alta
120,4908467,SP-348,Rodovia dos Bandeirantes,yes,3,120,-22.8839198,-47.2320914,49.7,5.5,grass,way,1425101947,83.5,alta
121,4908467,SP-348,Rodovia dos Bandeirantes,yes,3,120,-22.8837097,-47.232461,39.3,5.4,grass,way,1425101947,83.6,alta
122,4908467,SP-348,Rodovia dos Bandeirantes,yes,3,120,-22.8835369,-47.2328035,40.7,5.5,grass,way,1425101947,83.5,alta
123,4908467,SP-348,Rodovia dos Bandeirantes,yes,3,120,-22.8833911,-47.2331308,33.8,5.6,grass,way,1425101947,83.5,alta
124,4908467,SP-348,Rodovia dos Bandeirantes,yes,3,120,-22.8832541,-47.2334884,45.5,5.5,grass,way,1425101947,83.5,alta
125,4908467,SP-348,Rodovia dos Bandeirantes,yes,3,120,-22.8831224,-47.2338902,41.9,5.6,grass,way,1425101947,83.5,alta
126,4908467,SP-348,Rodovia dos Bandeirantes,yes,3,120,-22.8830154,-47.23429,43.4,5.3,grass,way,1425101947,83.6,alta
127,4908467,SP-348,Rodovia dos Bandeirantes,yes,3,120,-22.8829194,-47.2347274,48.7,5.2,grass,way,1424893619,83.6,alta
128,4908467,SP-348,Rodovia dos Bandeirantes,yes,3,120,-22.8827695,-47.2355265,118.4,5.2,grass,way,1424893619,83.6,alta
129,4908467,SP-348,Rodovia dos Bandeirantes,yes,3,120,-22.8824866,-47.2371119,212.5,6.0,grass,way,1424893619,83.4,alta
130,4908467,SP-348,Rodovia dos Bandeirantes,yes,3,120,-22.8821882,-47.2388486,149.5,5.8,grass,way,1424893619,83.4,alta
131,4908467,SP-348,Rodovia dos Bandeirantes,yes,3,120,-22.8820141,-47.2398906,67.5,4.8,grass,way,1424893619,83.7,alta
132,4908467,SP-348,Rodovia dos Bandeirantes,yes,3,120,-22.8818429,-47.2408697,136.7,4.8,grass,way,1424893619,83.7,alta
133,4908467,SP-348,Rodovia dos Bandeirantes,yes,3,120,-22.8816946,-47.2417018,37.0,5.2,grass,way,1424893619,83.6,alta
134,4908467,SP-348,Rodovia dos Bandeirantes,yes,3,120,-22.8815784,-47.2423241,93.1,5.5,grass,way,1424893619,83.5,alta
135,4908467,SP-348,Rodovia dos Bandeirantes,yes,3,120,-22.8814202,-47.2430832,66.4,4.8,grass,way,1424893619,83.7,alta
136,4908467,SP-348,Rodovia dos Bandeirantes,yes,3,120,-22.8812608,-47.2436968,64.3,4.3,grass,way,1424893619,83.8,alta
137,4908467,SP-348,Rodovia dos Bandeirantes,yes,3,120,-22.8811126,-47.2441872,41.5,4.5,grass,way,1424893619,83.8,alta
138,4908467,SP-348,Rodovia dos Bandeirantes,yes,3,120,-22.8809845,-47.2445722,42.4,4.5,grass,way,1424893619,83.8,alta
139,4908467,SP-348,Rodovia dos Bandeirantes,yes,3,120,-22.8808264,-47.2449977,51.6,4.5,grass,way,1424893619,83.8,alta
140,4908467,SP-348,Rodovia dos Bandeirantes,yes,3,120,-22.880642,-47.2454415,48.1,4.6,grass,way,1424893619,83.8,alta
141,4908467,SP-348,Rodovia dos Bandeirantes,yes,3,120,-22.8804529,-47.2458661,48.5,4.9,grass,way,1424893619,83.7,alta
142,4908467,SP-348,Rodovia dos Bandeirantes,yes,3,120,-22.8802422,-47.2463023,52.4,5.2,grass,way,1424893619,83.6,alta
143,4908467,SP-348,Rodovia dos Bandeirantes,yes,3,120,-22.8799481,-47.2468525,77.9,5.7,grass,way,1424893619,83.5,alta
144,4908467,SP-348,Rodovia dos Bandeirantes,yes,3,120,-22.8795996,-47.2474481,66.7,5.8,grass,way,1424893619,83.5,alta
145,4908467,SP-348,Rodovia dos Bandeirantes,yes,3,120,-22.8793449,-47.2478472,32.8,5.8,grass,way,1424893619,83.5,alta
146,22820872,SP-348,Rodovia dos Bandeirantes,yes,3,120,-23.1648097,-46.944896,231.0,245.0,wood,way,1094352290,29.7,baixa
147,22820873,SP-348,Rodovia dos Bandeirantes,yes,3,120,-23.1647397,-46.9455902,145.2,241.0,wood,way,1094352290,30.7,baixa
148,22820873,SP-348,Rodovia dos Bandeirantes,yes,3,120,-23.1656637,-46.9445792,146.3,288.6,wood,way,1094352284,18.0,baixa
149,22820874,SP-348,Rodovia dos Bandeirantes,yes,3,120,-23.1849376,-46.9334797,203.8,271.9,wood,way,1094352243,22.5,baixa
150,22820875,SP-348,Rodovia dos Bandeirantes,yes,3,120,-23.1827973,-46.9337948,279.2,271.2,wood,way,1094352165,22.7,baixa
151,22820875,SP-348,Rodovia dos Bandeirantes,yes,3,120,-23.1801814,-46.9346984,331.2,64.9,wood,way,1094352165,77.7,alta
152,22820875,SP-348,Rodovia dos Bandeirantes,yes,3,120,-23.178315,-46.9353298,103.5,43.4,wood,way,1094352165,83.4,alta
153,22820875,SP-348,Rodovia dos Bandeirantes,yes,3,120,-23.177458,-46.9356322,96.9,49.0,wood,way,1094352165,81.9,alta
154,22820875,SP-348,Rodovia dos Bandeirantes,yes,3,120,-23.1768419,-46.9358513,47.3,39.5,wood,way,1094352165,84.5,alta
155,22820875,SP-348,Rodovia dos Bandeirantes,yes,3,120,-23.1764376,-46.9360091,48.3,28.5,wood,way,1094352165,87.4,alta
156,22820875,SP-348,Rodovia dos Bandeirantes,yes,3,120,-23.1760015,-46.9362029,56.5,31.5,wood,way,1094352165,86.6,alta
157,22820875,SP-348,Rodovia dos Bandeirantes,yes,3,120,-23.1755311,-46.9364193,57.1,43.3,wood,way,1094352165,83.4,alta
158,22820875,SP-348,Rodovia dos Bandeirantes,yes,3,120,-23.1750651,-46.936632,55.3,84.7,wood,way,1094352165,72.4,alta
159,22820875,SP-348,Rodovia dos Bandeirantes,yes,3,120,-23.1745984,-46.9368539,57.9,135.9,wood,way,1094352165,58.8,media
160,22820875,SP-348,Rodovia dos Bandeirantes,yes,3,120,-23.1740471,-46.9371495,78.8,200.8,grass,way,1415047643,31.5,baixa
161,22820875,SP-348,Rodovia dos Bandeirantes,yes,3,120,-23.1734146,-46.9374963,78.8,138.2,grass,way,1415047643,48.1,media
162,22820875,SP-348,Rodovia dos Bandeirantes,yes,3,120,-23.1728853,-46.9377946,53.9,85.3,grass,way,1415047643,62.3,media
163,30426561,SP-348,Rodovia dos Bandeirantes,yes,3,120,-23.1859933,-46.9326966,58.1,165.7,wood,way,1094352243,50.8,media
164,30426563,SP-348,Rodovia dos Bandeirantes,yes,3,120,-23.1848672,-46.933076,204.0,238.8,wood,way,1094352243,31.3,baixa
165,30426564,SP-348,Rodovia dos Bandeirantes,yes,3,120,-23.1860475,-46.9330994,55.0,194.4,wood,way,1094352147,43.2,media
166,30426566,SP-348,Rodovia dos Bandeirantes,yes,3,120,-23.1993842,-46.9285754,147.0,61.8,wood,way,1086203965,78.5,alta
167,30426566,SP-348,Rodovia dos Bandeirantes,yes,3,120,-23.201077,-46.9280036,247.2,183.4,wood,way,1086203965,46.1,media
168,30426566,SP-348,Rodovia dos Bandeirantes,yes,3,120,-23.2024422,-46.9275488,70.3,243.6,wood,way,1086203968,30.0,baixa
169,30426566,SP-348,Rodovia dos Bandeirantes,yes,3,120,-23.2029257,-46.92738,42.7,243.3,wood,way,1086203968,30.1,baixa
170,30426566,SP-348,Rodovia dos Bandeirantes,yes,3,120,-23.2037762,-46.9270791,156.2,253.6,wood,way,1086203968,27.4,baixa
171,30426566,SP-348,Rodovia dos Bandeirantes,yes,3,120,-23.2051667,-46.9265423,172.1,301.5,wood,way,1086203968,15.0,baixa
172,30426566,SP-348,Rodovia dos Bandeirantes,yes,3,120,-23.2064456,-46.9259627,136.2,354.9,wood,way,1086203968,15.0,baixa
173,30426566,SP-348,Rodovia dos Bandeirantes,yes,3,120,-23.2077422,-46.9252537,186.7,383.5,wood,way,1086211823,15.0,baixa
174,30426566,SP-348,Rodovia dos Bandeirantes,yes,3,120,-23.2089305,-46.9245107,118.3,408.9,wood,way,1086211823,15.0,baixa
175,30426566,SP-348,Rodovia dos Bandeirantes,yes,3,120,-23.2098436,-46.9238577,124.8,423.0,wood,way,1086211823,15.0,baixa
176,30426566,SP-348,Rodovia dos Bandeirantes,yes,3,120,-23.2107295,-46.9231702,117.3,432.5,wood,way,1086211823,15.0,baixa
177,30426566,SP-348,Rodovia dos Bandeirantes,yes,3,120,-23.2115044,-46.9225118,101.4,436.4,wood,way,1086211823,15.0,baixa
178,30426566,SP-348,Rodovia dos Bandeirantes,yes,3,120,-23.2122687,-46.9217919,123.5,438.6,wood,way,1086211823,15.0,baixa
179,30426566,SP-348,Rodovia dos Bandeirantes,yes,3,120,-23.2129196,-46.9211318,74.5,457.6,wood,way,1086211823,15.0,baixa
180,30426566,SP-348,Rodovia dos Bandeirantes,yes,3,120,-23.2132615,-46.920766,32.2,474.8,wood,way,1086211823,15.0,baixa
181,30426568,SP-348,Rodovia dos Bandeirantes,yes,3,120,-23.157208,-46.95334,34.7,292.0,wood,way,1094352276,17.1,baixa
182,30426570,SP-348,Rodovia dos Bandeirantes,yes,3,120,-23.1574951,-46.9536559,35.7,304.8,wood,way,1094352119,15.0,baixa
183,30426572,SP-348,Rodovia dos Bandeirantes,yes,3,120,-23.1589459,-46.9520441,425.5,289.6,wood,way,1094352258,17.8,baixa
184,30426572,SP-348,Rodovia dos Bandeirantes,yes,3,120,-23.1616226,-46.9490663,426.0,117.3,wood,way,1094352290,63.7,media
185,31777949,SP-348,Rodovia dos Bandeirantes,yes,3,120,-23.0683995,-47.0325735,30.8,14.7,grass,way,1091081572,81.1,alta
186,31777950,SP-348,Rodovia dos Bandeirantes,yes,3,120,-23.0681289,-47.0328867,57.1,8.3,grass,way,1091081572,82.8,alta
187,31777950,SP-348,Rodovia dos Bandeirantes,yes,3,120,-23.0649356,-47.0363184,941.7,6.3,grass,way,1091081572,83.3,alta
188,31777952,SP-348,Rodovia dos Bandeirantes,yes,3,120,-23.0686485,-47.03292,37.9,7.4,grass,way,1091081572,83.0,alta
189,31777953,SP-348,Rodovia dos Bandeirantes,yes,3,120,-23.0691075,-47.0324282,105.4,4.6,grass,way,1091068749,83.8,alta
190,31777953,SP-348,Rodovia dos Bandeirantes,yes,3,120,-23.0696332,-47.0318647,58.8,4.9,grass,way,1091068749,83.7,alta
191,31777953,SP-348,Rodovia dos Bandeirantes,yes,3,120,-23.0699621,-47.0315204,42.8,4.5,grass,way,1091068749,83.8,alta
192,31777953,SP-348,Rodovia dos Bandeirantes,yes,3,120,-23.0703579,-47.0311677,71.1,5.9,grass,way,1091068749,83.4,alta
193,31777953,SP-348,Rodovia dos Bandeirantes,yes,3,120,-23.0708367,-47.0307974,59.7,6.6,grass,way,1091068749,83.2,alta
194,31777953,SP-348,Rodovia dos Bandeirantes,yes,3,120,-23.0712123,-47.0305347,39.6,6.7,grass,way,1091068749,83.2,alta
195,31777953,SP-348,Rodovia dos Bandeirantes,yes,3,120,-23.0715219,-47.0303222,41.9,6.5,grass,way,1091068749,83.3,alta
196,31777953,SP-348,Rodovia dos Bandeirantes,yes,3,120,-23.0720488,-47.0300055,92.1,7.4,grass,way,1091068749,83.0,alta
197,31777953,SP-348,Rodovia dos Bandeirantes,yes,3,120,-23.0728044,-47.0295787,97.3,5.8,grass,way,1091068749,83.4,alta
198,31777953,SP-348,Rodovia dos Bandeirantes,yes,3,120,-23.0740161,-47.028891,206.7,6.2,grass,way,1091068749,83.3,alta
199,31777953,SP-348,Rodovia dos Bandeirantes,yes,3,120,-23.0755894,-47.0279954,188.3,5.9,grass,way,1091068749,83.4,alta
200,31777953,SP-348,Rodovia dos Bandeirantes,yes,3,120,-23.0767434,-47.0273412,101.2,5.7,grass,way,1091068749,83.5,alta
201,31777953,SP-348,Rodovia dos Bandeirantes,yes,3,120,-23.077349,-47.0269974,50.8,4.9,grass,way,1091068749,83.7,alta
202,31777953,SP-348,Rodovia dos Bandeirantes,yes,3,120,-23.0777594,-47.0267689,51.8,4.8,grass,way,1091068749,83.7,alta
203,31777953,SP-348,Rodovia dos Bandeirantes,yes,3,120,-23.0787003,-47.0262537,182.5,5.6,grass,way,1091068749,83.5,alta
204,31777953,SP-348,Rodovia dos Bandeirantes,yes,3,120,-23.0796737,-47.0257017,61.7,5.5,grass,way,1091068749,83.5,alta
205,31777953,SP-348,Rodovia dos Bandeirantes,yes,3,120,-23.0801547,-47.0254087,60.9,5.0,grass,way,1091068749,83.7,alta
206,31777953,SP-348,Rodovia dos Bandeirantes,yes,3,120,-23.0807834,-47.0250303,99.0,5.5,grass,way,1091068749,83.5,alta
207,31777953,SP-348,Rodovia dos Bandeirantes,yes,3,120,-23.0815584,-47.0245393,100.5,7.5,grass,way,1091068749,83.0,alta
208,31777953,SP-348,Rodovia dos Bandeirantes,yes,3,120,-23.0821558,-47.0241353,55.9,6.0,grass,way,1091068749,83.4,alta
209,31777953,SP-348,Rodovia dos Bandeirantes,yes,3,120,-23.0831594,-47.0233903,214.3,4.1,grass,way,1091068749,83.9,alta
210,31777953,SP-348,Rodovia dos Bandeirantes,yes,3,120,-23.0845599,-47.0223206,166.3,5.5,grass,way,1091068749,83.5,alta
211,31777953,SP-348,Rodovia dos Bandeirantes,yes,3,120,-23.0855822,-47.0215119,114.8,5.6,grass,way,1091068749,83.5,alta
212,31777953,SP-348,Rodovia dos Bandeirantes,yes,3,120,-23.0864666,-47.0208138,128.3,4.4,grass,way,1091068749,83.8,alta
213,31777953,SP-348,Rodovia dos Bandeirantes,yes,3,120,-23.0873044,-47.0201439,103.0,6.5,grass,way,1091068749,83.3,alta
214,31777953,SP-348,Rodovia dos Bandeirantes,yes,3,120,-23.0877672,-47.0197622,26.2,5.9,grass,way,1091068749,83.4,alta
215,31777956,SP-348,Rodovia dos Bandeirantes,yes,3,120,-23.0532524,-47.0487663,247.3,84.1,wood,way,1089699300,72.6,alta
216,31777957,SP-348,Rodovia dos Bandeirantes,yes,3,120,-23.0521731,-47.0499164,88.9,82.2,wood,way,1092771796,73.1,alta
217,31777957,SP-348,Rodovia dos Bandeirantes,yes,3,120,-23.0514386,-47.0507145,142.2,55.0,wood,way,1092771796,80.3,alta
218,31777957,SP-348,Rodovia dos Bandeirantes,yes,3,120,-23.0505005,-47.0517959,162.0,88.7,wood,way,1092771796,71.4,alta
219,31777957,SP-348,Rodovia dos Bandeirantes,yes,3,120,-23.0497377,-47.0526845,86.7,140.3,wood,way,1092771796,57.6,media
220,31777957,SP-348,Rodovia dos Bandeirantes,yes,3,120,-23.0481312,-47.0546252,447.5,291.5,wood,way,1092771796,17.3,baixa
221,31777957,SP-348,Rodovia dos Bandeirantes,yes,3,120,-23.0459071,-47.0573224,293.7,110.1,wood,way,1092771796,65.6,media
222,31777957,SP-348,Rodovia dos Bandeirantes,yes,3,120,-23.0443182,-47.059259,237.3,41.2,wood,way,1094356565,84.0,alta
223,31777957,SP-348,Rodovia dos Bandeirantes,yes,3,120,-23.0434283,-47.0603764,65.2,25.5,wood,way,1094356565,88.2,alta
224,31777957,SP-348,Rodovia dos Bandeirantes,yes,3,120,-23.0430852,-47.0608452,57.4,75.8,wood,way,1094356565,74.8,alta
225,31777957,SP-348,Rodovia dos Bandeirantes,yes,3,120,-23.0427669,-47.0613099,61.2,130.3,wood,way,1094356575,60.2,media
226,31777957,SP-348,Rodovia dos Bandeirantes,yes,3,120,-23.0423726,-47.0619495,96.5,91.7,wood,way,1094356575,70.6,alta
227,31777957,SP-348,Rodovia dos Bandeirantes,yes,3,120,-23.0420523,-47.0625034,37.4,102.1,wood,way,1094356575,67.8,media
228,31777957,SP-348,Rodovia dos Bandeirantes,yes,3,120,-23.0418611,-47.062848,44.9,122.8,wood,way,1094356575,62.3,media
229,31777957,SP-348,Rodovia dos Bandeirantes,yes,3,120,-23.0416376,-47.0632598,52.9,155.3,wood,way,1094356575,53.6,media
230,31777957,SP-348,Rodovia dos Bandeirantes,yes,3,120,-23.0413579,-47.0637949,73.1,206.9,wood,way,1094356575,39.8,baixa
231,31777958,SP-348,Rodovia dos Bandeirantes,yes,3,120,-23.0530043,-47.0496141,133.4,64.6,wood,way,1089699300,77.8,alta
232,31777960,SP-348,Rodovia dos Bandeirantes,yes,10,120,-23.0561378,-47.0464866,67.1,356.8,wood,way,1089699300,15.0,baixa
233,31777961,SP-348,Rodovia dos Bandeirantes,yes,3,120,-23.0877743,-47.0192655,32.8,14.3,grass,way,1091068749,81.2,alta
234,31777962,SP-348,Rodovia dos Bandeirantes,yes,3,120,-23.0875562,-47.0194408,27.5,7.9,grass,way,1091068749,82.9,alta
235,31777962,SP-348,Rodovia dos Bandeirantes,yes,3,120,-23.0867456,-47.0200794,195.1,6.2,grass,way,1091068749,83.3,alta
236,31777962,SP-348,Rodovia dos Bandeirantes,yes,3,120,-23.085636,-47.0209466,108.8,8.1,grass,way,1091068749,82.8,alta
237,31777962,SP-348,Rodovia dos Bandeirantes,yes,3,120,-23.0844326,-47.0218967,222.0,10.9,grass,way,1091068749,82.1,alta
238,31777962,SP-348,Rodovia dos Bandeirantes,yes,3,120,-23.0832549,-47.0228234,101.4,10.4,grass,way,1091068749,82.2,alta
239,31777962,SP-348,Rodovia dos Bandeirantes,yes,3,120,-23.0827216,-47.0232245,42.9,9.6,grass,way,1091068749,82.4,alta
240,31777962,SP-348,Rodovia dos Bandeirantes,yes,3,120,-23.0823982,-47.0234531,42.9,10.1,grass,way,1091068749,82.3,alta
241,31777962,SP-348,Rodovia dos Bandeirantes,yes,3,120,-23.0819439,-47.0237779,78.0,10.4,grass,way,1091068749,82.2,alta
242,31777962,SP-348,Rodovia dos Bandeirantes,yes,3,120,-23.0812799,-47.0242353,96.8,9.0,grass,way,1091068749,82.6,alta
243,31777962,SP-348,Rodovia dos Bandeirantes,yes,3,120,-23.0803918,-47.0247942,131.4,8.6,grass,way,1091068749,82.7,alta
244,31777962,SP-348,Rodovia dos Bandeirantes,yes,3,120,-23.07945,-47.0253523,107.2,9.0,grass,way,1091068749,82.6,alta
245,31777962,SP-348,Rodovia dos Bandeirantes,yes,3,120,-23.0784716,-47.0259135,138.9,8.0,grass,way,1091068749,82.9,alta
246,31777962,SP-348,Rodovia dos Bandeirantes,yes,3,120,-23.0773642,-47.0265364,138.4,6.5,grass,way,1091068749,83.3,alta
247,31777962,SP-348,Rodovia dos Bandeirantes,yes,3,120,-23.0762717,-47.0271375,133.9,7.1,grass,way,1091068749,83.1,alta
248,31777962,SP-348,Rodovia dos Bandeirantes,yes,3,120,-23.0751957,-47.0277363,134.9,6.9,grass,way,1091068749,83.2,alta
249,31777962,SP-348,Rodovia dos Bandeirantes,yes,3,120,-23.0740918,-47.0283586,141.6,7.2,grass,way,1091068749,83.1,alta
250,31777962,SP-348,Rodovia dos Bandeirantes,yes,3,120,-23.0727506,-47.029089,192.0,7.8,grass,way,1091068749,82.9,alta
251,31777962,SP-348,Rodovia dos Bandeirantes,yes,3,120,-23.0718497,-47.0295826,32.5,10.3,grass,way,1091068749,82.3,alta
252,31777962,SP-348,Rodovia dos Bandeirantes,yes,3,120,-23.0715978,-47.0297386,32.0,9.8,grass,way,1091068749,82.4,alta
253,31777962,SP-348,Rodovia dos Bandeirantes,yes,3,120,-23.0712789,-47.0299495,51.0,8.3,grass,way,1091068749,82.8,alta
254,31777962,SP-348,Rodovia dos Bandeirantes,yes,3,120,-23.0709347,-47.0301895,39.9,8.4,grass,way,1091068749,82.8,alta
255,31777962,SP-348,Rodovia dos Bandeirantes,yes,3,120,-23.0705399,-47.0304899,67.3,7.9,grass,way,1091068749,82.9,alta
256,31777962,SP-348,Rodovia dos Bandeirantes,yes,3,120,-23.0701552,-47.0308056,39.9,8.7,grass,way,1091068749,82.7,alta
257,31777962,SP-348,Rodovia dos Bandeirantes,yes,3,120,-23.0697906,-47.0311322,65.2,8.9,grass,way,1091068749,82.6,alta
258,31777962,SP-348,Rodovia dos Bandeirantes,yes,3,120,-23.069361,-47.0315517,63.3,9.4,grass,way,1091068749,82.5,alta
259,31777962,SP-348,Rodovia dos Bandeirantes,yes,3,120,-23.0688264,-47.0321163,102.5,9.9,grass,way,1091068749,82.4,alta
260,31777963,SP-348,Rodovia dos Bandeirantes,yes,3,120,-23.0879819,-47.019588,33.4,10.9,grass,way,1091068749,82.1,alta
261,31777964,SP-348,Rodovia dos Bandeirantes,yes,3,120,-23.0882531,-47.019379,40.6,46.7,grass,way,1091068749,72.5,alta
262,31777964,SP-348,Rodovia dos Bandeirantes,yes,3,120,-23.0886035,-47.0191442,51.0,92.5,grass,way,1091068749,60.3,media
263,31777964,SP-348,Rodovia dos Bandeirantes,yes,3,120,-23.0889859,-47.0189075,46.9,138.6,wood,way,1092774054,58.0,media
264,31777964,SP-348,Rodovia dos Bandeirantes,yes,3,120,-23.0893258,-47.0187137,38.5,103.4,wood,way,1092774054,67.4,media
265,31777964,SP-348,Rodovia dos Bandeirantes,yes,3,120,-23.0896737,-47.0185419,46.5,74.3,wood,way,1092774054,75.2,alta
266,31777964,SP-348,Rodovia dos Bandeirantes,yes,3,120,-23.0903182,-47.0182918,105.9,37.7,wood,way,1092774054,84.9,alta
267,31777964,SP-348,Rodovia dos Bandeirantes,yes,3,120,-23.0913853,-47.0179505,141.6,64.5,wood,way,1092774054,77.8,alta
268,31777964,SP-348,Rodovia dos Bandeirantes,yes,3,120,-23.0925611,-47.0175992,129.6,60.3,wood,way,1092774055,78.9,alta
269,31777964,SP-348,Rodovia dos Bandeirantes,yes,3,120,-23.0935394,-47.0173055,96.1,23.6,wood,way,1092774055,88.7,alta
270,31777964,SP-348,Rodovia dos Bandeirantes,yes,3,120,-23.0943227,-47.0170574,85.4,24.5,wood,way,1092774055,88.5,alta
271,31777964,SP-348,Rodovia dos Bandeirantes,yes,3,120,-23.0950258,-47.0167879,80.5,94.6,wood,way,1092774055,69.8,media
272,31777964,SP-348,Rodovia dos Bandeirantes,yes,3,120,-23.0956538,-47.0165008,71.0,167.5,wood,way,1092774055,50.3,media
273,31777964,SP-348,Rodovia dos Bandeirantes,yes,3,120,-23.0962582,-47.0161736,79.3,241.5,wood,way,1092774055,30.6,baixa
274,31777964,SP-348,Rodovia dos Bandeirantes,yes,3,120,-23.0968227,-47.0158356,64.0,312.8,wood,way,1092774055,15.0,baixa
275,31777964,SP-348,Rodovia dos Bandeirantes,yes,3,120,-23.0973806,-47.0154623,81.8,301.4,wood,way,345112900,15.0,baixa
276,31777964,SP-348,Rodovia dos Bandeirantes,yes,3,120,-23.0979973,-47.0149736,88.1,218.3,wood,way,345112900,36.8,baixa
277,31777964,SP-348,Rodovia dos Bandeirantes,yes,3,120,-23.0988703,-47.0142312,158.4,105.4,wood,way,345112900,66.9,media
278,31777964,SP-348,Rodovia dos Bandeirantes,yes,3,120,-23.0998088,-47.013452,104.2,58.8,wood,way,345112900,79.3,alta
279,32318279,SP-348,Rodovia dos Bandeirantes,yes,3,120,-23.1724527,-46.9380636,57.0,44.0,grass,way,1415047643,73.3,alta
280,32318279,SP-348,Rodovia dos Bandeirantes,yes,3,120,-23.1719967,-46.9383636,61.6,50.3,grass,way,1415047643,71.6,alta
281,32318281,SP-348,Rodovia dos Bandeirantes,yes,3,120,-23.1714171,-46.9387604,90.7,117.1,grass,way,1415047643,53.8,media
282,32318281,SP-348,Rodovia dos Bandeirantes,yes,3,120,-23.1708373,-46.939163,62.3,191.4,grass,way,1415047643,34.0,baixa
283,32318281,SP-348,Rodovia dos Bandeirantes,yes,3,120,-23.1703685,-46.9395084,63.7,253.8,grass,way,1415047643,17.3,baixa
284,32318281,SP-348,Rodovia dos Bandeirantes,yes,3,120,-23.1697549,-46.9399866,104.2,323.4,wood,way,1094352131,15.0,baixa
285,32318281,SP-348,Rodovia dos Bandeirantes,yes,3,120,-23.1691827,-46.9404544,55.1,355.8,wood,way,1094352131,15.0,baixa
286,32318281,SP-348,Rodovia dos Bandeirantes,yes,3,120,-23.1685463,-46.9410276,128.7,349.9,wood,way,1094352284,15.0,baixa
287,32318281,SP-348,Rodovia dos Bandeirantes,yes,3,120,-23.1678945,-46.9416272,61.1,282.9,wood,way,1094352284,19.5,baixa
288,32318281,SP-348,Rodovia dos Bandeirantes,yes,3,120,-23.1673658,-46.942145,97.1,229.9,wood,way,1094352284,33.7,baixa
289,32318281,SP-348,Rodovia dos Bandeirantes,yes,3,120,-23.1667519,-46.9427723,90.2,190.3,wood,way,1094352284,44.2,media
290,32318281,SP-348,Rodovia dos Bandeirantes,yes,3,120,-23.1662101,-46.9433561,79.4,192.2,wood,way,1094352284,43.7,media
291,32318283,SP-348,Rodovia dos Bandeirantes,yes,3,120,-23.1721646,-46.9387819,130.1,92.3,grass,way,1415047643,60.4,media
292,32318285,SP-348,Rodovia dos Bandeirantes,yes,3,120,-23.1731025,-46.938172,112.9,116.0,grass,way,1415047643,54.1,media
293,32318285,SP-348,Rodovia dos Bandeirantes,yes,3,120,-23.1740421,-46.9376295,123.9,209.3,grass,way,1415047643,29.2,baixa
294,32318285,SP-348,Rodovia dos Bandeirantes,yes,3,120,-23.1749943,-46.9371183,112.2,130.9,wood,way,1094352165,60.1,media
295,32318285,SP-348,Rodovia dos Bandeirantes,yes,3,120,-23.176029,-46.9366062,140.7,71.0,wood,way,1094352165,76.1,alta
296,32318285,SP-348,Rodovia dos Bandeirantes,yes,3,120,-23.1768665,-46.9362467,59.6,74.4,wood,way,1094352165,75.1,alta
297,32318285,SP-348,Rodovia dos Bandeirantes,yes,3,120,-23.1773013,-46.9360901,42.2,84.6,wood,way,1094352165,72.5,alta
298,32318285,SP-348,Rodovia dos Bandeirantes,yes,3,120,-23.1777254,-46.9359433,56.8,91.3,wood,way,1094352165,70.7,alta
299,32318285,SP-348,Rodovia dos Bandeirantes,yes,3,120,-23.1782484,-46.9357637,65.2,81.6,wood,way,1094352165,73.2,alta
300,32318285,SP-348,Rodovia dos Bandeirantes,yes,3,120,-23.1790518,-46.9354949,121.7,65.1,wood,way,1094352165,77.7,alta
301,32318285,SP-348,Rodovia dos Bandeirantes,yes,3,120,-23.1818204,-46.9345532,523.4,182.7,wood,way,1094352165,46.3,media
302,151261153,SP-348,Rodovia dos Bandeirantes,yes,3,120,-23.2497303,-46.8759191,197.6,7.0,grass,way,1412886611,83.1,alta
303,151261153,SP-348,Rodovia dos Bandeirantes,yes,3,120,-23.2490661,-46.8767397,25.9,7.6,grass,way,1412886611,83.0,alta
304,151261153,SP-348,Rodovia dos Bandeirantes,yes,3,120,-23.2488855,-46.8769495,32.9,8.6,grass,way,1412886611,82.7,alta
305,151261153,SP-348,Rodovia dos Bandeirantes,yes,3,120,-23.2485941,-46.8773156,66.1,8.1,grass,way,1412886611,82.8,alta
306,151261154,SP-348,Rodovia dos Bandeirantes,yes,3,120,-23.2363826,-46.8897834,427.6,7.4,grass,way,1413149394,83.0,alta
307,151261154,SP-348,Rodovia dos Bandeirantes,yes,3,120,-23.2348455,-46.8915789,73.9,11.6,grass,way,1413149394,81.9,alta
308,151261154,SP-348,Rodovia dos Bandeirantes,yes,3,120,-23.234068,-46.8925468,188.9,9.7,grass,way,1413149394,82.4,alta
309,151261155,SP-348,Rodovia dos Bandeirantes,yes,3,120,-23.2384458,-46.8879771,112.2,44.8,grass,way,1413149395,73.1,alta
310,151261156,SP-348,Rodovia dos Bandeirantes,yes,3,120,-23.2380764,-46.8878136,123.7,47.1,grass,way,1413149394,72.4,alta
311,151261157,SP-348,Rodovia dos Bandeirantes,yes,3,120,-23.2388822,-46.8874756,29.0,7.9,grass,way,1413149395,82.9,alta
312,151261157,SP-348,Rodovia dos Bandeirantes,yes,3,120,-23.2390788,-46.8872439,35.5,7.5,grass,way,1413149395,83.0,alta
313,151261157,SP-348,Rodovia dos Bandeirantes,yes,3,120,-23.2402186,-46.8859282,334.0,7.1,grass,way,1413149395,83.1,alta
314,151261157,SP-348,Rodovia dos Bandeirantes,yes,3,120,-23.2417552,-46.8841633,162.8,7.5,grass,way,1413149395,83.0,alta
315,151261157,SP-348,Rodovia dos Bandeirantes,yes,3,120,-23.2424773,-46.8833721,65.2,7.1,grass,way,1413149395,83.1,alta
316,151261157,SP-348,Rodovia dos Bandeirantes,yes,3,120,-23.2429394,-46.8829456,69.6,8.5,grass,way,1413149395,82.7,alta
317,151261157,SP-348,Rodovia dos Bandeirantes,yes,3,120,-23.2435272,-46.8824494,95.8,9.8,grass,way,1413149395,82.4,alta
318,151261157,SP-348,Rodovia dos Bandeirantes,yes,3,120,-23.244066,-46.8820015,55.0,8.2,grass,way,1413149395,82.8,alta
319,151261157,SP-348,Rodovia dos Bandeirantes,yes,3,120,-23.2449515,-46.8812985,188.8,6.7,grass,way,1413149395,83.2,alta
320,151261157,SP-348,Rodovia dos Bandeirantes,yes,3,120,-23.2460729,-46.8804095,119.7,7.0,grass,way,1413149395,83.1,alta
321,151261157,SP-348,Rodovia dos Bandeirantes,yes,3,120,-23.2466667,-46.8799237,45.5,6.5,grass,way,1413149395,83.3,alta
322,151261157,SP-348,Rodovia dos Bandeirantes,yes,3,120,-23.2470376,-46.8795957,60.8,6.9,grass,way,1413149395,83.2,alta
323,151261157,SP-348,Rodovia dos Bandeirantes,yes,3,120,-23.2475841,-46.8790544,103.6,5.6,grass,way,1413149395,83.5,alta
324,151261157,SP-348,Rodovia dos Bandeirantes,yes,3,120,-23.2481573,-46.8784412,75.2,5.1,grass,way,1413149395,83.6,alta
325,151439038,SP-348,Rodovia dos Bandeirantes,yes,3,120,-22.921632,-47.1331021,69.4,4.5,grass,way,1413364012,83.8,alta
326,151439038,SP-348,Rodovia dos Bandeirantes,yes,3,120,-22.9213649,-47.1336213,52.6,28.0,grass,way,1415048977,77.5,alta
327,151439040,SP-348,Rodovia dos Bandeirantes,yes,3,120,-22.9211825,-47.1340577,45.6,59.0,grass,way,1415048977,69.3,media
328,151439040,SP-348,Rodovia dos Bandeirantes,yes,3,120,-22.9210488,-47.1344325,36.7,32.2,wood,way,1074239243,86.4,alta
329,151439040,SP-348,Rodovia dos Bandeirantes,yes,3,120,-22.9209811,-47.1346643,13.2,28.0,wood,way,1074239243,87.5,alta
330,151439040,SP-348,Rodovia dos Bandeirantes,yes,3,120,-22.9209356,-47.1348279,21.9,25.8,wood,way,1074239243,88.1,alta
331,151439040,SP-348,Rodovia dos Bandeirantes,yes,3,120,-22.9208701,-47.135065,28.9,22.8,wood,way,1074239243,88.9,alta
332,151439040,SP-348,Rodovia dos Bandeirantes,yes,3,120,-22.9207983,-47.1353848,38.6,20.5,wood,way,1074239243,89.5,alta
333,151439040,SP-348,Rodovia dos Bandeirantes,yes,3,120,-22.9207174,-47.1358812,64.8,22.7,wood,way,1074239243,89.0,alta
334,151439040,SP-348,Rodovia dos Bandeirantes,yes,3,120,-22.9206675,-47.1363534,32.7,39.9,wood,way,1074239243,84.4,alta
335,151439040,SP-348,Rodovia dos Bandeirantes,yes,3,120,-22.9206605,-47.1367961,58.1,56.3,grass,way,1415048980,70.0,alta
336,151439040,SP-348,Rodovia dos Bandeirantes,yes,3,120,-22.9206639,-47.1372848,42.1,9.3,grass,way,1415048980,82.5,alta
337,151439040,SP-348,Rodovia dos Bandeirantes,yes,3,120,-22.9206754,-47.1375744,17.4,6.9,grass,way,1415048980,83.1,alta
338,151439040,SP-348,Rodovia dos Bandeirantes,yes,3,120,-22.9206967,-47.1377902,27.1,7.0,grass,way,1415048980,83.1,alta
339,151439040,SP-348,Rodovia dos Bandeirantes,yes,3,120,-22.9209699,-47.1398689,403.0,5.4,grass,way,1415048980,83.6,alta
340,151439040,SP-348,Rodovia dos Bandeirantes,yes,3,120,-22.9212537,-47.1420168,41.4,6.0,grass,way,1415048980,83.4,alta
341,151439040,SP-348,Rodovia dos Bandeirantes,yes,3,120,-22.9212976,-47.1425715,72.6,7.2,grass,way,1415048980,83.1,alta
342,151439040,SP-348,Rodovia dos Bandeirantes,yes,3,120,-22.9213214,-47.1432647,69.5,7.1,grass,way,1415048980,83.1,alta
343,151439040,SP-348,Rodovia dos Bandeirantes,yes,3,120,-22.9213149,-47.1438253,45.4,7.0,grass,way,1415048980,83.1,alta
344,151439040,SP-348,Rodovia dos Bandeirantes,yes,3,120,-22.9212872,-47.1442976,51.6,6.2,grass,way,1415048980,83.3,alta
345,151439040,SP-348,Rodovia dos Bandeirantes,yes,3,120,-22.9212209,-47.1448532,63.3,6.5,grass,way,1415048980,83.3,alta
346,151439040,SP-348,Rodovia dos Bandeirantes,yes,3,120,-22.9210949,-47.1455101,74.2,8.1,grass,way,1415048980,82.8,alta
347,151439040,SP-348,Rodovia dos Bandeirantes,yes,3,120,-22.9209302,-47.1461663,65.1,8.2,grass,way,1415048980,82.8,alta
348,151439397,SP-348,Rodovia dos Bandeirantes,yes,4,120,-22.9532198,-47.1256166,139.2,6.7,grass,way,1413364011,83.2,alta
349,151439397,SP-348,Rodovia dos Bandeirantes,yes,4,120,-22.952073,-47.1256423,115.9,5.8,grass,way,1413364011,83.5,alta
350,151439397,SP-348,Rodovia dos Bandeirantes,yes,4,120,-22.9511561,-47.1256507,88.0,7.0,grass,way,1413364011,83.1,alta
351,151439397,SP-348,Rodovia dos Bandeirantes,yes,4,120,-22.9499321,-47.1256527,184.2,7.4,grass,way,1413364011,83.0,alta
352,151439397,SP-348,Rodovia dos Bandeirantes,yes,4,120,-22.948234,-47.1256679,193.5,6.7,grass,way,1413364011,83.2,alta
353,151439397,SP-348,Rodovia dos Bandeirantes,yes,4,120,-22.946495,-47.1256897,193.3,7.7,grass,way,1413364011,83.0,alta
354,151439397,SP-348,Rodovia dos Bandeirantes,yes,4,120,-22.945056,-47.1257191,126.8,8.1,grass,way,1413364011,82.8,alta
355,151439397,SP-348,Rodovia dos Bandeirantes,yes,4,120,-22.9435204,-47.1257569,214.8,7.7,grass,way,1413364011,82.9,alta
356,151439397,SP-348,Rodovia dos Bandeirantes,yes,4,120,-22.9423233,-47.1257849,51.5,9.0,grass,way,1413364011,82.6,alta
357,151439397,SP-348,Rodovia dos Bandeirantes,yes,4,120,-22.9418426,-47.1258191,55.6,8.5,grass,way,1413364011,82.7,alta
358,151439397,SP-348,Rodovia dos Bandeirantes,yes,4,120,-22.9411787,-47.1258968,92.9,7.9,grass,way,1413364011,82.9,alta
359,151439397,SP-348,Rodovia dos Bandeirantes,yes,4,120,-22.940435,-47.1259952,73.7,8.2,grass,way,1413364011,82.8,alta
360,151439397,SP-348,Rodovia dos Bandeirantes,yes,4,120,-22.9398691,-47.1260822,53.4,7.4,grass,way,1413364011,83.0,alta
361,151439397,SP-348,Rodovia dos Bandeirantes,yes,4,120,-22.9393379,-47.1261754,66.3,6.9,grass,way,1413364011,83.2,alta
362,151439397,SP-348,Rodovia dos Bandeirantes,yes,4,120,-22.9387599,-47.1262836,64.1,7.4,grass,way,1413364011,83.0,alta
363,151439397,SP-348,Rodovia dos Bandeirantes,yes,4,120,-22.9382386,-47.1263913,53.9,7.4,grass,way,1413364011,83.0,alta
364,151439397,SP-348,Rodovia dos Bandeirantes,yes,4,120,-22.9377302,-47.126509,61.8,7.4,grass,way,1413364011,83.0,alta
365,151439397,SP-348,Rodovia dos Bandeirantes,yes,4,120,-22.9367847,-47.1267668,155.1,6.2,grass,way,1413364011,83.4,alta
366,151439397,SP-348,Rodovia dos Bandeirantes,yes,4,120,-22.9351827,-47.1272017,212.2,6.8,grass,way,1413364011,83.2,alta
367,151439397,SP-348,Rodovia dos Bandeirantes,yes,4,120,-22.9338053,-47.1275725,103.4,6.2,grass,way,1413364011,83.3,alta
368,151439397,SP-348,Rodovia dos Bandeirantes,yes,4,120,-22.9330095,-47.127798,79.5,6.5,grass,way,1413364011,83.3,alta
369,151439397,SP-348,Rodovia dos Bandeirantes,yes,4,120,-22.9323588,-47.1279852,70.2,5.8,grass,way,1413364011,83.4,alta
370,151439397,SP-348,Rodovia dos Bandeirantes,yes,4,120,-22.9314969,-47.1282141,127.2,7.2,grass,way,1413364011,83.1,alta
371,151439397,SP-348,Rodovia dos Bandeirantes,yes,4,120,-22.9305054,-47.1284747,99.7,9.6,grass,way,1413364011,82.4,alta
372,151439397,SP-348,Rodovia dos Bandeirantes,yes,4,120,-22.9296377,-47.1287141,99.4,9.0,grass,way,1413364012,82.6,alta
373,151439398,SP-348,Rodovia dos Bandeirantes,yes,3,120,-22.9590613,-47.125323,70.5,23.4,grass,way,1413364011,78.8,alta
374,151439398,SP-348,Rodovia dos Bandeirantes,yes,3,120,-22.9595119,-47.1251343,36.9,6.7,grass,way,1091081565,83.2,alta
375,151439399,SP-348,Rodovia dos Bandeirantes,yes,3,120,-22.9592726,-47.1247901,51.8,17.5,grass,way,1091081565,80.3,alta
376,151439399,SP-348,Rodovia dos Bandeirantes,yes,3,120,-22.958935,-47.1249216,28.0,24.0,wood,way,1098932645,88.6,alta
377,151439399,SP-348,Rodovia dos Bandeirantes,yes,3,120,-22.9586846,-47.1250199,31.2,5.9,grass,way,1413364011,83.4,alta
378,151439400,SP-348,Rodovia dos Bandeirantes,yes,3,120,-22.9881678,-47.1116387,102.4,9.1,grass,way,1091081565,82.6,alta
379,151439400,SP-348,Rodovia dos Bandeirantes,yes,3,120,-22.9888696,-47.1115876,54.0,7.2,grass,way,1091081565,83.1,alta
380,151439400,SP-348,Rodovia dos Bandeirantes,yes,3,120,-22.9893524,-47.1115448,53.8,6.6,grass,way,1091081565,83.2,alta
381,151439400,SP-348,Rodovia dos Bandeirantes,yes,3,120,-22.9896862,-47.1115089,20.9,6.5,grass,way,1091081565,83.3,alta
382,151439400,SP-348,Rodovia dos Bandeirantes,yes,3,120,-22.9898742,-47.1114778,21.5,5.5,grass,way,1091081565,83.5,alta
383,151439400,SP-348,Rodovia dos Bandeirantes,yes,3,120,-22.9900735,-47.1114364,23.6,5.4,grass,way,1091081565,83.6,alta
384,151439400,SP-348,Rodovia dos Bandeirantes,yes,3,120,-22.9902837,-47.1113887,24.1,5.5,grass,way,1091081565,83.5,alta
385,151439400,SP-348,Rodovia dos Bandeirantes,yes,3,120,-22.9904855,-47.1113378,21.9,6.1,grass,way,1091081565,83.4,alta
386,151439400,SP-348,Rodovia dos Bandeirantes,yes,3,120,-22.9907123,-47.1112727,30.2,6.7,grass,way,1091081565,83.2,alta
387,151439400,SP-348,Rodovia dos Bandeirantes,yes,3,120,-22.9910067,-47.1111714,38.5,7.1,grass,way,1091081565,83.1,alta
388,151439400,SP-348,Rodovia dos Bandeirantes,yes,3,120,-22.9913259,-47.1110386,37.6,7.8,grass,way,1091081565,82.9,alta
389,151439400,SP-348,Rodovia dos Bandeirantes,yes,3,120,-22.9915894,-47.1109126,26.5,9.2,grass,way,1091081565,82.6,alta
390,151439400,SP-348,Rodovia dos Bandeirantes,yes,3,120,-22.9918179,-47.1107933,29.9,9.5,grass,way,1412351738,82.5,alta
391,151439400,SP-348,Rodovia dos Bandeirantes,yes,3,120,-22.9920413,-47.1106598,26.9,8.6,grass,way,1412351738,82.7,alta
392,151439400,SP-348,Rodovia dos Bandeirantes,yes,3,120,-22.9923351,-47.1104426,52.2,9.1,grass,way,1091081565,82.6,alta
393,151439400,SP-348,Rodovia dos Bandeirantes,yes,3,120,-22.9927067,-47.1101394,51.1,8.2,grass,way,1412351742,82.8,alta
394,151439400,SP-348,Rodovia dos Bandeirantes,yes,3,120,-22.9930116,-47.1098504,39.0,7.5,grass,way,1412351742,83.0,alta
395,151439400,SP-348,Rodovia dos Bandeirantes,yes,3,120,-22.9932524,-47.1095879,36.8,8.1,grass,way,1412351742,82.8,alta
396,151439400,SP-348,Rodovia dos Bandeirantes,yes,3,120,-22.9935493,-47.1092178,63.8,10.2,grass,way,1091081565,82.3,alta
397,151439400,SP-348,Rodovia dos Bandeirantes,yes,3,120,-22.9939728,-47.1086261,89.7,11.0,grass,way,1091081565,82.1,alta
398,151439400,SP-348,Rodovia dos Bandeirantes,yes,3,120,-22.9942803,-47.1081849,23.6,7.6,grass,way,1412351731,83.0,alta
399,151439400,SP-348,Rodovia dos Bandeirantes,yes,3,120,-22.9945134,-47.1078532,61.8,6.9,grass,way,1412351731,83.2,alta
400,151439400,SP-348,Rodovia dos Bandeirantes,yes,3,120,-22.9950232,-47.1071011,129.4,7.6,grass,way,1412351731,83.0,alta
401,151439400,SP-348,Rodovia dos Bandeirantes,yes,3,120,-22.9958731,-47.1058554,188.1,8.2,grass,way,1091081565,82.8,alta
402,151439400,SP-348,Rodovia dos Bandeirantes,yes,3,120,-22.996611,-47.1048186,80.3,7.7,grass,way,1091081565,82.9,alta
403,151439400,SP-348,Rodovia dos Bandeirantes,yes,3,120,-22.9970377,-47.1042784,65.5,8.2,grass,way,1091081565,82.8,alta
404,151439400,SP-348,Rodovia dos Bandeirantes,yes,3,120,-22.9975015,-47.1037405,85.4,9.3,grass,way,1091081565,82.5,alta
405,151439400,SP-348,Rodovia dos Bandeirantes,yes,3,120,-22.9979255,-47.1032817,47.7,9.1,grass,way,1091081565,82.6,alta
406,151439400,SP-348,Rodovia dos Bandeirantes,yes,3,120,-22.9983757,-47.1028445,86.6,9.2,grass,way,1091081565,82.5,alta
407,151798168,SP-348,Rodovia dos Bandeirantes,yes,3,120,-23.0100635,-47.0913469,25.4,500.0,sem_feicao_em_500m,,,0.0,baixa
408,151798168,SP-348,Rodovia dos Bandeirantes,yes,3,120,-23.0103924,-47.0908955,92.4,500.0,sem_feicao_em_500m,,,0.0,baixa
409,151798168,SP-348,Rodovia dos Bandeirantes,yes,3,120,-23.0111962,-47.0897645,200.0,442.2,grass,way,1411679249,5.0,baixa
410,151798168,SP-348,Rodovia dos Bandeirantes,yes,3,120,-23.0120931,-47.0884655,132.4,276.7,grass,way,1411679249,11.2,baixa
411,151798168,SP-348,Rodovia dos Bandeirantes,yes,3,120,-23.0132107,-47.0868937,274.3,76.9,grass,way,1411679249,64.5,media
412,151798168,SP-348,Rodovia dos Bandeirantes,yes,3,120,-23.0145719,-47.085071,206.2,27.9,grass,way,1411679247,77.6,alta
413,151798168,SP-348,Rodovia dos Bandeirantes,yes,3,120,-23.0157036,-47.0836768,174.5,25.8,grass,way,1411679245,78.1,alta
414,151798168,SP-348,Rodovia dos Bandeirantes,yes,3,120,-23.016436,-47.0828686,57.9,34.6,grass,way,1411679245,75.8,alta
415,151798168,SP-348,Rodovia dos Bandeirantes,yes,3,120,-23.0171433,-47.0822283,146.9,127.4,grass,way,1411679245,51.0,media
416,151798168,SP-348,Rodovia dos Bandeirantes,yes,3,120,-23.0177439,-47.0816935,25.8,212.5,grass,way,1411679245,28.3,baixa
417,151798168,SP-348,Rodovia dos Bandeirantes,yes,3,120,-23.0182294,-47.0812308,117.9,284.0,grass,way,1411679245,9.3,baixa
418,151798168,SP-348,Rodovia dos Bandeirantes,yes,3,120,-23.0198412,-47.0797578,350.6,499.3,wood,way,1094356584,15.0,baixa
419,151798168,SP-348,Rodovia dos Bandeirantes,yes,3,120,-23.0218472,-47.0779892,224.0,400.1,wood,way,1094356584,15.0,baixa
420,151798168,SP-348,Rodovia dos Bandeirantes,yes,3,120,-23.0233585,-47.0768136,189.9,245.8,wood,way,1094356584,29.4,baixa
421,151798169,SP-348,Rodovia dos Bandeirantes,yes,3,120,-23.0095964,-47.092006,144.9,500.0,sem_feicao_em_500m,,,0.0,baixa
422,151798170,SP-348,Rodovia dos Bandeirantes,yes,3,120,-23.0093294,-47.0916943,144.4,500.0,sem_feicao_em_500m,,,0.0,baixa
423,151798171,SP-348,Rodovia dos Bandeirantes,yes,3,120,-22.997361,-47.1032977,125.0,3.5,grass,way,1091081565,84.1,alta
424,151798171,SP-348,Rodovia dos Bandeirantes,yes,3,120,-22.9968291,-47.103909,47.3,4.5,grass,way,1091081565,83.8,alta
425,151798171,SP-348,Rodovia dos Bandeirantes,yes,3,120,-22.9964749,-47.1043559,73.4,5.6,grass,way,1091081565,83.5,alta
426,151798171,SP-348,Rodovia dos Bandeirantes,yes,3,120,-22.9960549,-47.1049195,75.0,6.2,grass,way,1091081565,83.4,alta
427,151798171,SP-348,Rodovia dos Bandeirantes,yes,3,120,-22.9954382,-47.1057921,150.2,4.1,grass,way,1091081565,83.9,alta
428,151798171,SP-348,Rodovia dos Bandeirantes,yes,3,120,-22.9945771,-47.1070369,168.6,5.1,grass,way,1091081565,83.6,alta
429,151798171,SP-348,Rodovia dos Bandeirantes,yes,3,120,-22.9937722,-47.1081947,128.5,4.9,grass,way,1091081565,83.7,alta
430,151798171,SP-348,Rodovia dos Bandeirantes,yes,3,120,-22.9932785,-47.1088793,49.6,6.1,grass,way,1091081565,83.4,alta
431,151798171,SP-348,Rodovia dos Bandeirantes,yes,3,120,-22.9930168,-47.1092261,42.2,6.5,grass,way,1091081565,83.3,alta
432,151798171,SP-348,Rodovia dos Bandeirantes,yes,3,120,-22.9927641,-47.1095272,41.2,6.3,grass,way,1091081565,83.3,alta
433,151798171,SP-348,Rodovia dos Bandeirantes,yes,3,120,-22.9924885,-47.109787,40.1,5.6,grass,way,1091081565,83.5,alta
434,151798171,SP-348,Rodovia dos Bandeirantes,yes,3,120,-22.9922028,-47.1100112,38.2,6.7,grass,way,1091081565,83.2,alta
435,151798171,SP-348,Rodovia dos Bandeirantes,yes,3,120,-22.9918744,-47.110258,50.6,7.0,grass,way,1091081565,83.1,alta
436,151798171,SP-348,Rodovia dos Bandeirantes,yes,3,120,-22.9915039,-47.1105046,46.2,6.1,grass,way,1091081565,83.4,alta
437,151798171,SP-348,Rodovia dos Bandeirantes,yes,3,120,-22.9911944,-47.1106698,30.6,5.8,grass,way,1091081565,83.4,alta
438,151798171,SP-348,Rodovia dos Bandeirantes,yes,3,120,-22.9908962,-47.1108,40.9,5.6,grass,way,1091081565,83.5,alta
439,151798171,SP-348,Rodovia dos Bandeirantes,yes,3,120,-22.9905861,-47.1109122,31.9,5.7,grass,way,1091081565,83.5,alta
440,151798171,SP-348,Rodovia dos Bandeirantes,yes,3,120,-22.9903494,-47.1109821,22.7,5.6,grass,way,1091081565,83.5,alta
441,151798171,SP-348,Rodovia dos Bandeirantes,yes,3,120,-22.990135,-47.1110377,26.3,6.3,grass,way,1091081565,83.3,alta
442,151798171,SP-348,Rodovia dos Bandeirantes,yes,3,120,-22.9899164,-47.1110822,23.1,6.4,grass,way,1091081565,83.3,alta
443,151798171,SP-348,Rodovia dos Bandeirantes,yes,3,120,-22.9897056,-47.1111144,24.2,7.0,grass,way,1091081565,83.1,alta
444,151798171,SP-348,Rodovia dos Bandeirantes,yes,3,120,-22.9893942,-47.1111427,45.3,8.4,grass,way,1412351727,82.7,alta
445,151798171,SP-348,Rodovia dos Bandeirantes,yes,3,120,-22.9885114,-47.1111914,151.3,7.2,grass,way,1091081565,83.1,alta
446,151798171,SP-348,Rodovia dos Bandeirantes,yes,3,120,-22.9876643,-47.111238,37.4,5.7,grass,way,1091081565,83.5,alta
447,151798171,SP-348,Rodovia dos Bandeirantes,yes,3,120,-22.9870921,-47.1112656,90.0,3.7,grass,way,1091081565,84.0,alta
448,151798171,SP-348,Rodovia dos Bandeirantes,yes,3,120,-22.9860998,-47.1113067,130.9,4.5,grass,way,1091081565,83.8,alta
449,151798171,SP-348,Rodovia dos Bandeirantes,yes,3,120,-22.984963,-47.1113439,122.0,5.8,grass,way,1091081565,83.5,alta
450,151798171,SP-348,Rodovia dos Bandeirantes,yes,3,120,-22.9840957,-47.1113686,70.9,7.5,grass,way,1091081565,83.0,alta
451,151798171,SP-348,Rodovia dos Bandeirantes,yes,3,120,-22.9834124,-47.1114094,81.3,7.2,grass,way,1091081565,83.1,alta
452,151798171,SP-348,Rodovia dos Bandeirantes,yes,3,120,-22.9827242,-47.1114588,72.1,6.7,grass,way,1091081565,83.2,alta
453,151798171,SP-348,Rodovia dos Bandeirantes,yes,3,120,-22.9820415,-47.1114939,79.9,6.6,grass,way,1091081565,83.3,alta
454,151798171,SP-348,Rodovia dos Bandeirantes,yes,3,120,-22.9813483,-47.1115268,74.4,5.7,grass,way,1091081565,83.5,alta
455,151798171,SP-348,Rodovia dos Bandeirantes,yes,3,120,-22.9807279,-47.1115609,63.8,5.5,grass,way,1091081565,83.5,alta
456,151798171,SP-348,Rodovia dos Bandeirantes,yes,3,120,-22.9800984,-47.1115954,76.4,5.7,grass,way,1091081565,83.5,alta
457,151798171,SP-348,Rodovia dos Bandeirantes,yes,3,120,-22.9795206,-47.1116576,52.9,5.5,grass,way,1091081565,83.5,alta
458,151798171,SP-348,Rodovia dos Bandeirantes,yes,3,120,-22.9790993,-47.1117459,42.5,5.3,grass,way,1091081565,83.6,alta
459,151798171,SP-348,Rodovia dos Bandeirantes,yes,3,120,-22.9787684,-47.1118285,33.0,6.2,grass,way,1091081565,83.4,alta
460,151798171,SP-348,Rodovia dos Bandeirantes,yes,3,120,-22.978356,-47.1119465,61.8,5.7,grass,way,1091081565,83.5,alta
461,151798171,SP-348,Rodovia dos Bandeirantes,yes,3,120,-22.9778344,-47.1121303,60.2,7.2,grass,way,1091081565,83.1,alta
462,151798171,SP-348,Rodovia dos Bandeirantes,yes,3,120,-22.9774344,-47.1123,35.3,7.8,grass,way,1091081565,82.9,alta
463,151798171,SP-348,Rodovia dos Bandeirantes,yes,3,120,-22.9771245,-47.1124561,40.7,6.4,grass,way,1091081565,83.3,alta
464,151798171,SP-348,Rodovia dos Bandeirantes,yes,3,120,-22.9767962,-47.1126412,41.5,7.0,grass,way,1091081565,83.1,alta
465,151798171,SP-348,Rodovia dos Bandeirantes,yes,3,120,-22.9743756,-47.1140738,571.5,8.2,grass,way,1091081565,82.8,alta
466,151798171,SP-348,Rodovia dos Bandeirantes,yes,3,120,-22.971472,-47.1157905,163.7,7.0,grass,way,1091081565,83.1,alta
467,151798171,SP-348,Rodovia dos Bandeirantes,yes,3,120,-22.9701851,-47.1165627,163.3,5.4,grass,way,1091081565,83.6,alta
468,151798171,SP-348,Rodovia dos Bandeirantes,yes,3,120,-22.9691895,-47.1171955,93.3,6.0,grass,way,1091081565,83.4,alta
469,151798171,SP-348,Rodovia dos Bandeirantes,yes,3,120,-22.9684972,-47.1176841,90.3,6.4,grass,way,1091081565,83.3,alta
470,151798171,SP-348,Rodovia dos Bandeirantes,yes,3,120,-22.9678041,-47.1181948,95.9,5.7,grass,way,1091081565,83.5,alta
471,151798171,SP-348,Rodovia dos Bandeirantes,yes,3,120,-22.9659515,-47.1197054,419.4,6.2,grass,way,1091081565,83.3,alta
472,151798171,SP-348,Rodovia dos Bandeirantes,yes,3,120,-22.9632224,-47.1219801,345.7,5.3,grass,way,1091081565,83.6,alta
473,151798171,SP-348,Rodovia dos Bandeirantes,yes,3,120,-22.961308,-47.1235329,185.7,6.0,grass,way,1091081565,83.4,alta
474,151798171,SP-348,Rodovia dos Bandeirantes,yes,3,120,-22.9603333,-47.1242382,75.1,9.1,grass,way,1091081565,82.6,alta
475,151798171,SP-348,Rodovia dos Bandeirantes,yes,3,120,-22.9597651,-47.1245603,67.5,9.7,grass,way,1091081565,82.4,alta
476,151798172,SP-348,Rodovia dos Bandeirantes,yes,3,120,-22.9988053,-47.1024355,40.5,7.3,grass,way,1091081565,83.0,alta
477,151798172,SP-348,Rodovia dos Bandeirantes,yes,3,120,-22.9991127,-47.1021558,48.7,7.0,grass,way,1091081565,83.1,alta
478,151798172,SP-348,Rodovia dos Bandeirantes,yes,3,120,-22.9997726,-47.1015813,139.4,8.2,grass,way,1091081565,82.8,alta
479,151798172,SP-348,Rodovia dos Bandeirantes,yes,3,120,-23.0008638,-47.1006558,168.5,7.1,grass,way,1091081565,83.1,alta
480,151798172,SP-348,Rodovia dos Bandeirantes,yes,3,120,-23.0015664,-47.1000722,28.2,6.6,grass,way,1091081565,83.2,alta
481,151798172,SP-348,Rodovia dos Bandeirantes,yes,3,120,-23.0021889,-47.0995656,144.8,7.1,grass,way,1091081565,83.1,alta
482,151798172,SP-348,Rodovia dos Bandeirantes,yes,3,120,-23.0027251,-47.0991285,4.3,7.5,grass,way,1091081565,83.0,alta
483,151798173,SP-348,Rodovia dos Bandeirantes,yes,3,120,-23.008659,-47.0926451,100.7,500.0,sem_feicao_em_500m,,,0.0,baixa
484,151798173,SP-348,Rodovia dos Bandeirantes,yes,3,120,-23.0082446,-47.0932455,52.9,500.0,sem_feicao_em_500m,,,0.0,baixa
485,151798173,SP-348,Rodovia dos Bandeirantes,yes,3,120,-23.0079607,-47.0936411,49.8,500.0,sem_feicao_em_500m,,,0.0,baixa
486,151798173,SP-348,Rodovia dos Bandeirantes,yes,3,120,-23.0076916,-47.0940059,45.9,500.0,sem_feicao_em_500m,,,0.0,baixa
487,151798173,SP-348,Rodovia dos Bandeirantes,yes,3,120,-23.0074398,-47.0943264,40.4,500.0,sem_feicao_em_500m,,,0.0,baixa
488,151798173,SP-348,Rodovia dos Bandeirantes,yes,3,120,-23.0071398,-47.0946778,57.7,500.0,sem_feicao_em_500m,,,0.0,baixa
489,151798173,SP-348,Rodovia dos Bandeirantes,yes,3,120,-23.0067781,-47.0950802,57.5,500.0,sem_feicao_em_500m,,,0.0,baixa
490,151798173,SP-348,Rodovia dos Bandeirantes,yes,3,120,-23.0063992,-47.0954718,58.9,500.0,sem_feicao_em_500m,,,0.0,baixa
491,151798173,SP-348,Rodovia dos Bandeirantes,yes,3,120,-23.0059967,-47.0958459,59.0,456.7,grass,way,1091081565,5.0,baixa
492,151798173,SP-348,Rodovia dos Bandeirantes,yes,3,120,-23.0056202,-47.0961718,48.1,403.3,grass,way,1091081565,5.0,baixa
493,151798173,SP-348,Rodovia dos Bandeirantes,yes,3,120,-23.0051511,-47.0965714,84.5,337.3,grass,way,1091081565,5.0,baixa
494,151798173,SP-348,Rodovia dos Bandeirantes,yes,3,120,-23.0046412,-47.0969992,58.8,266.1,grass,way,1091081565,14.0,baixa
495,151798173,SP-348,Rodovia dos Bandeirantes,yes,3,120,-23.0038919,-47.0976114,149.8,163.7,grass,way,1091081565,41.4,media
496,151830586,SP-348,Rodovia dos Bandeirantes,yes,3,120,-22.9007899,-47.2083502,37.6,7.8,grass,way,1413364015,82.9,alta
497,151830586,SP-348,Rodovia dos Bandeirantes,yes,3,120,-22.9003328,-47.2093093,183.7,5.7,grass,way,1413364015,83.5,alta
498,151830586,SP-348,Rodovia dos Bandeirantes,yes,3,120,-22.8997691,-47.2106076,110.5,4.8,grass,way,1413366128,83.7,alta
499,151830586,SP-348,Rodovia dos Bandeirantes,yes,3,120,-22.8995181,-47.2112627,34.9,5.6,grass,way,1413366128,83.5,alta
500,151830586,SP-348,Rodovia dos Bandeirantes,yes,3,120,-22.8993937,-47.2116126,42.0,5.7,grass,way,1413366128,83.5,alta
501,151830586,SP-348,Rodovia dos Bandeirantes,yes,3,120,-22.8992509,-47.212047,52.5,5.8,grass,way,1413366128,83.4,alta
502,151830586,SP-348,Rodovia dos Bandeirantes,yes,3,120,-22.89911,-47.2125018,45.8,5.9,grass,way,1413366128,83.4,alta
503,151830586,SP-348,Rodovia dos Bandeirantes,yes,3,120,-22.8989875,-47.2129288,45.9,5.8,grass,way,1413366128,83.5,alta
504,151830586,SP-348,Rodovia dos Bandeirantes,yes,3,120,-22.8987599,-47.213842,147.9,6.0,grass,way,1413366128,83.4,alta
505,151830586,SP-348,Rodovia dos Bandeirantes,yes,3,120,-22.8984092,-47.215304,161.6,5.7,grass,way,1413366128,83.5,alta
506,151830586,SP-348,Rodovia dos Bandeirantes,yes,3,120,-22.8979871,-47.2170541,209.1,5.9,grass,way,1413366128,83.4,alta
507,151830586,SP-348,Rodovia dos Bandeirantes,yes,3,120,-22.897436,-47.21934,275.0,5.6,grass,way,1413366128,83.5,alta
508,151830586,SP-348,Rodovia dos Bandeirantes,yes,3,120,-22.8969841,-47.2212294,124.9,5.8,grass,way,1425101948,83.4,alta
509,151830586,SP-348,Rodovia dos Bandeirantes,yes,3,120,-22.8967696,-47.2221129,62.3,6.1,grass,way,1425101948,83.4,alta
510,151830586,SP-348,Rodovia dos Bandeirantes,yes,3,120,-22.8966547,-47.2225763,36.0,6.0,grass,way,1425101948,83.4,alta
511,151830586,SP-348,Rodovia dos Bandeirantes,yes,3,120,-22.8965691,-47.2229109,35.2,5.5,grass,way,1425101948,83.5,alta
512,151830586,SP-348,Rodovia dos Bandeirantes,yes,3,120,-22.8964869,-47.2231972,26.3,5.5,grass,way,1425101948,83.5,alta
513,151830586,SP-348,Rodovia dos Bandeirantes,yes,3,120,-22.8963884,-47.2234965,38.8,6.0,grass,way,1425101948,83.4,alta
514,151830586,SP-348,Rodovia dos Bandeirantes,yes,3,120,-22.8962696,-47.2238278,34.0,5.8,grass,way,1425101948,83.5,alta
515,151830586,SP-348,Rodovia dos Bandeirantes,yes,3,120,-22.896143,-47.2241336,34.7,5.8,grass,way,1425101948,83.5,alta
516,151830586,SP-348,Rodovia dos Bandeirantes,yes,3,120,-22.8960059,-47.224427,32.7,5.9,grass,way,1425101948,83.4,alta
517,151830586,SP-348,Rodovia dos Bandeirantes,yes,3,120,-22.8958418,-47.2247398,41.0,6.3,grass,way,1425101948,83.3,alta
518,151830586,SP-348,Rodovia dos Bandeirantes,yes,3,120,-22.8956648,-47.2250466,33.1,6.1,grass,way,1425101948,83.4,alta
519,151830586,SP-348,Rodovia dos Bandeirantes,yes,3,120,-22.8954849,-47.2253247,36.5,6.2,grass,way,1425101948,83.3,alta
520,151830586,SP-348,Rodovia dos Bandeirantes,yes,3,120,-22.8952853,-47.2256038,35.9,6.3,grass,way,1425101948,83.3,alta
521,151830586,SP-348,Rodovia dos Bandeirantes,yes,3,120,-22.895079,-47.2258633,34.3,6.1,grass,way,1425101948,83.4,alta
522,151830586,SP-348,Rodovia dos Bandeirantes,yes,3,120,-22.8948619,-47.2261151,36.4,5.8,grass,way,1425101948,83.4,alta
523,151830586,SP-348,Rodovia dos Bandeirantes,yes,3,120,-22.8946314,-47.2263575,35.0,5.8,grass,way,1425101948,83.5,alta
524,151830586,SP-348,Rodovia dos Bandeirantes,yes,3,120,-22.8944017,-47.2265752,32.8,5.7,grass,way,1425101948,83.5,alta
525,151830586,SP-348,Rodovia dos Bandeirantes,yes,3,120,-22.894186,-47.2267663,29.2,5.7,grass,way,1425101948,83.5,alta
526,151830586,SP-348,Rodovia dos Bandeirantes,yes,3,120,-22.8939322,-47.2269656,40.5,6.0,grass,way,1425101948,83.4,alta
527,151830586,SP-348,Rodovia dos Bandeirantes,yes,3,120,-22.8936463,-47.2271672,35.3,6.1,grass,way,1425101948,83.4,alta
528,151830586,SP-348,Rodovia dos Bandeirantes,yes,3,120,-22.8933628,-47.2273458,37.6,5.7,grass,way,1425101948,83.5,alta
529,151830586,SP-348,Rodovia dos Bandeirantes,yes,3,120,-22.8930935,-47.2275,30.1,5.8,grass,way,1425101948,83.4,alta
530,151830586,SP-348,Rodovia dos Bandeirantes,yes,3,120,-22.8928297,-47.2276341,34.6,6.1,grass,way,1425101948,83.4,alta
531,151830586,SP-348,Rodovia dos Bandeirantes,yes,3,120,-22.8925415,-47.2277648,34.9,5.7,grass,way,1425101948,83.5,alta
532,151830586,SP-348,Rodovia dos Bandeirantes,yes,3,120,-22.8922388,-47.2278855,36.9,5.7,grass,way,1425101948,83.5,alta
533,151830586,SP-348,Rodovia dos Bandeirantes,yes,3,120,-22.8919432,-47.2279902,32.3,6.1,grass,way,1425101948,83.4,alta
534,151830586,SP-348,Rodovia dos Bandeirantes,yes,3,120,-22.8916464,-47.2280818,36.3,6.3,grass,way,1425101948,83.3,alta
535,151830586,SP-348,Rodovia dos Bandeirantes,yes,3,120,-22.8907335,-47.2283221,172.6,5.7,grass,way,1425101947,83.5,alta
536,151830586,SP-348,Rodovia dos Bandeirantes,yes,3,120,-22.889118,-47.2287374,196.6,6.0,grass,way,1425101947,83.4,alta
537,151830586,SP-348,Rodovia dos Bandeirantes,yes,3,120,-22.8880353,-47.2290189,51.0,6.2,grass,way,1425101947,83.3,alta
538,151830586,SP-348,Rodovia dos Bandeirantes,yes,3,120,-22.8876322,-47.2291428,42.2,6.1,grass,way,1425101947,83.4,alta
539,151830586,SP-348,Rodovia dos Bandeirantes,yes,3,120,-22.8872812,-47.2292676,39.9,5.8,grass,way,1425101947,83.5,alta
540,151830586,SP-348,Rodovia dos Bandeirantes,yes,3,120,-22.886972,-47.2293887,33.2,6.0,grass,way,1425101947,83.4,alta
541,151830586,SP-348,Rodovia dos Bandeirantes,yes,3,120,-22.8866892,-47.2295225,35.5,6.0,grass,way,1425101947,83.4,alta
542,151830587,SP-348,Rodovia dos Bandeirantes,yes,3,120,-22.9035661,-47.2044564,75.9,29.0,grass,way,1413366120,77.3,alta
543,151830590,SP-348,Rodovia dos Bandeirantes,yes,3,120,-22.9045403,-47.2030473,285.1,6.2,grass,way,1413364016,83.3,alta
544,151830590,SP-348,Rodovia dos Bandeirantes,yes,3,120,-22.9057318,-47.2013332,154.8,7.3,grass,way,1413364016,83.1,alta
545,151830590,SP-348,Rodovia dos Bandeirantes,yes,3,120,-22.9067627,-47.1998385,227.7,7.1,grass,way,1413364016,83.1,alta
546,151830590,SP-348,Rodovia dos Bandeirantes,yes,3,120,-22.9076429,-47.1985443,101.9,5.9,grass,way,1413364016,83.4,alta
547,151830590,SP-348,Rodovia dos Bandeirantes,yes,3,120,-22.9084512,-47.1973697,198.5,5.8,grass,way,1413364016,83.5,alta
548,151830590,SP-348,Rodovia dos Bandeirantes,yes,3,120,-22.9096,-47.195696,229.1,5.4,grass,way,1413364017,83.6,alta
549,151830590,SP-348,Rodovia dos Bandeirantes,yes,3,120,-22.9103686,-47.1945432,62.5,6.0,grass,way,1413364018,83.4,alta
550,151830590,SP-348,Rodovia dos Bandeirantes,yes,3,120,-22.9106619,-47.1940449,58.7,5.7,grass,way,1413364018,83.5,alta
551,151830590,SP-348,Rodovia dos Bandeirantes,yes,3,120,-22.910928,-47.1935518,58.4,5.5,grass,way,1413364018,83.5,alta
552,151830590,SP-348,Rodovia dos Bandeirantes,yes,3,120,-22.911169,-47.1930683,54.2,5.3,grass,way,1413364018,83.6,alta
553,151830590,SP-348,Rodovia dos Bandeirantes,yes,3,120,-22.9113754,-47.1926286,46.9,5.7,grass,way,1413364018,83.5,alta
554,151830590,SP-348,Rodovia dos Bandeirantes,yes,3,120,-22.9115519,-47.1922296,43.8,6.2,grass,way,1413364018,83.3,alta
555,151830590,SP-348,Rodovia dos Bandeirantes,yes,3,120,-22.9117328,-47.1917686,58.8,6.4,grass,way,1413364018,83.3,alta
556,151830590,SP-348,Rodovia dos Bandeirantes,yes,3,120,-22.9119268,-47.1912219,61.2,5.9,grass,way,1413364018,83.4,alta
557,151830590,SP-348,Rodovia dos Bandeirantes,yes,3,120,-22.9120932,-47.1907101,50.0,5.8,grass,way,1413364018,83.4,alta
558,151830590,SP-348,Rodovia dos Bandeirantes,yes,3,120,-22.9122307,-47.190231,52.8,5.9,grass,way,1413364018,83.4,alta
559,151830590,SP-348,Rodovia dos Bandeirantes,yes,3,120,-22.9123603,-47.1897121,57.3,5.8,grass,way,1413364018,83.5,alta
560,151830590,SP-348,Rodovia dos Bandeirantes,yes,3,120,-22.9124691,-47.1892201,46.3,6.0,grass,way,1413364018,83.4,alta
561,151830590,SP-348,Rodovia dos Bandeirantes,yes,3,120,-22.9125516,-47.1887799,45.7,5.9,grass,way,1413364018,83.4,alta
562,151830590,SP-348,Rodovia dos Bandeirantes,yes,3,120,-22.9126205,-47.1883413,45.4,5.4,grass,way,1413364018,83.6,alta
563,151830590,SP-348,Rodovia dos Bandeirantes,yes,3,120,-22.9126802,-47.1879216,41.6,5.1,grass,way,1413364018,83.6,alta
564,151830590,SP-348,Rodovia dos Bandeirantes,yes,3,120,-22.9127304,-47.1875055,44.4,5.5,grass,way,1413364018,83.5,alta
565,151830590,SP-348,Rodovia dos Bandeirantes,yes,3,120,-22.9127691,-47.187072,44.8,5.6,grass,way,1413364018,83.5,alta
566,151830590,SP-348,Rodovia dos Bandeirantes,yes,3,120,-22.9127969,-47.186632,45.5,5.9,grass,way,1413364018,83.4,alta
567,151830590,SP-348,Rodovia dos Bandeirantes,yes,3,120,-22.9128122,-47.1861224,58.9,5.6,grass,way,1413364018,83.5,alta
568,151830590,SP-348,Rodovia dos Bandeirantes,yes,3,120,-22.9128149,-47.1856225,43.5,6.0,grass,way,1413364018,83.4,alta
569,151830590,SP-348,Rodovia dos Bandeirantes,yes,3,120,-22.9128037,-47.185171,49.1,6.2,grass,way,1413364018,83.3,alta
570,151830590,SP-348,Rodovia dos Bandeirantes,yes,3,120,-22.9127824,-47.1847332,40.7,6.3,grass,way,1413364018,83.3,alta
571,151830590,SP-348,Rodovia dos Bandeirantes,yes,3,120,-22.9127417,-47.1841714,74.7,6.6,grass,way,1413364018,83.2,alta
572,151830590,SP-348,Rodovia dos Bandeirantes,yes,3,120,-22.9126609,-47.1834443,75.4,7.1,grass,way,1413364018,83.1,alta
573,151830590,SP-348,Rodovia dos Bandeirantes,yes,3,120,-22.9125055,-47.1823598,149.4,6.9,grass,way,1413364018,83.2,alta
574,151830591,SP-348,Rodovia dos Bandeirantes,yes,3,120,-22.9034559,-47.204228,75.1,16.2,grass,way,1413364014,80.7,alta
575,151916217,SP-348,Rodovia dos Bandeirantes,yes,3,120,-23.0245518,-47.0760575,94.0,218.5,wood,way,1094356584,36.7,baixa
576,151916217,SP-348,Rodovia dos Bandeirantes,yes,3,120,-23.0253155,-47.0756503,95.2,180.2,wood,way,1094356578,47.0,media
577,151916217,SP-348,Rodovia dos Bandeirantes,yes,3,120,-23.0265061,-47.075057,196.1,48.2,wood,way,1094356578,82.2,alta
578,151916217,SP-348,Rodovia dos Bandeirantes,yes,3,120,-23.0296039,-47.0735579,558.0,140.6,wood,way,1094356578,57.5,media
579,151916217,SP-348,Rodovia dos Bandeirantes,yes,3,120,-23.0340374,-47.0714244,520.3,500.0,sem_feicao_em_500m,,,0.0,baixa
580,151916217,SP-348,Rodovia dos Bandeirantes,yes,3,120,-23.0366867,-47.0701232,126.4,500.0,sem_feicao_em_500m,,,0.0,baixa
581,151916217,SP-348,Rodovia dos Bandeirantes,yes,3,120,-23.0374305,-47.0697018,60.2,500.0,sem_feicao_em_500m,,,0.0,baixa
582,151916217,SP-348,Rodovia dos Bandeirantes,yes,3,120,-23.0379918,-47.0692958,89.9,448.0,wood,way,1094356582,15.0,baixa
583,151916217,SP-348,Rodovia dos Bandeirantes,yes,3,120,-23.0385042,-47.0688632,54.5,399.4,wood,way,1094356582,15.0,baixa
584,151916217,SP-348,Rodovia dos Bandeirantes,yes,3,120,-23.0388458,-47.068535,47.0,367.1,wood,way,1094356582,15.0,baixa
585,151916217,SP-348,Rodovia dos Bandeirantes,yes,3,120,-23.0391472,-47.0682173,46.5,337.9,wood,way,1094356582,15.0,baixa
586,151916217,SP-348,Rodovia dos Bandeirantes,yes,3,120,-23.0394846,-47.0678252,63.4,306.2,wood,way,1094356582,15.0,baixa
587,151916217,SP-348,Rodovia dos Bandeirantes,yes,3,120,-23.0398387,-47.0673603,60.2,275.9,wood,way,1094356582,21.4,baixa
588,151916217,SP-348,Rodovia dos Bandeirantes,yes,3,120,-23.0401302,-47.06692,50.8,254.8,wood,way,1094356582,27.0,baixa
589,151916217,SP-348,Rodovia dos Bandeirantes,yes,3,120,-23.0403717,-47.0665162,47.7,242.9,wood,way,1094356582,30.2,baixa
590,151916217,SP-348,Rodovia dos Bandeirantes,yes,3,120,-23.040867,-47.0655905,171.4,246.3,wood,way,1094356582,29.3,baixa
591,151916217,SP-348,Rodovia dos Bandeirantes,yes,3,120,-23.0412988,-47.0647678,22.4,279.9,wood,way,1094356582,20.4,baixa
592,151916217,SP-348,Rodovia dos Bandeirantes,yes,3,120,-23.0413615,-47.0646488,5.7,286.7,wood,way,1094356582,18.5,baixa
593,151916221,SP-348,Rodovia dos Bandeirantes,yes,3,120,-23.0231282,-47.076471,219.9,211.6,wood,way,1094356584,38.6,baixa
594,151916221,SP-348,Rodovia dos Bandeirantes,yes,3,120,-23.0216076,-47.0776414,195.2,380.3,wood,way,1094356584,15.0,baixa
595,151916221,SP-348,Rodovia dos Bandeirantes,yes,3,120,-23.0196157,-47.0794104,377.0,455.8,wood,way,1094356584,15.0,baixa
596,151916221,SP-348,Rodovia dos Bandeirantes,yes,3,120,-23.017716,-47.081129,172.8,255.9,grass,way,1411679245,16.8,baixa
597,151916221,SP-348,Rodovia dos Bandeirantes,yes,3,120,-23.0168356,-47.0819379,83.6,137.3,grass,way,1411679245,48.4,media
598,151916221,SP-348,Rodovia dos Bandeirantes,yes,3,120,-23.0162554,-47.0825011,89.5,75.0,grass,way,1411679245,65.0,media
599,151916221,SP-348,Rodovia dos Bandeirantes,yes,3,120,-23.0158499,-47.0829258,35.8,67.0,grass,way,1411679245,67.1,media
600,151916221,SP-348,Rodovia dos Bandeirantes,yes,3,120,-23.01554,-47.083265,62.1,68.1,grass,way,1411679245,66.9,media
601,151916221,SP-348,Rodovia dos Bandeirantes,yes,3,120,-23.0150909,-47.0837753,82.5,71.9,grass,way,1411679243,65.8,media
602,151916221,SP-348,Rodovia dos Bandeirantes,yes,3,120,-23.0145133,-47.0844572,107.3,45.6,grass,way,1454186189,72.9,alta
603,151916221,SP-348,Rodovia dos Bandeirantes,yes,3,120,-23.0138642,-47.0852745,113.8,71.5,grass,way,1411679249,65.9,media
604,151916221,SP-348,Rodovia dos Bandeirantes,yes,3,120,-23.0128337,-47.0867234,261.1,109.7,grass,way,1411679249,55.7,media
605,151916221,SP-348,Rodovia dos Bandeirantes,yes,3,120,-23.0116682,-47.0883653,163.3,304.4,grass,way,1411679249,5.0,baixa
606,151916221,SP-348,Rodovia dos Bandeirantes,yes,3,120,-23.0107245,-47.0897144,183.6,474.6,grass,way,1411679249,5.0,baixa
607,151916221,SP-348,Rodovia dos Bandeirantes,yes,3,120,-23.0099851,-47.09079,91.2,500.0,sem_feicao_em_500m,,,0.0,baixa
608,153047726,SP-348,Rodovia dos Bandeirantes,yes,3,120,-23.1070803,-47.0074514,328.9,147.0,grass,way,549133530,45.8,media
609,153047726,SP-348,Rodovia dos Bandeirantes,yes,3,120,-23.1092147,-47.0056802,268.3,345.2,grass,way,549133530,5.0,baixa
610,153047726,SP-348,Rodovia dos Bandeirantes,yes,3,120,-23.1103213,-47.0047617,41.3,367.4,wood,way,1094351968,15.0,baixa
611,153047726,SP-348,Rodovia dos Bandeirantes,yes,3,120,-23.1106326,-47.0044756,49.3,329.6,wood,way,1094351968,15.0,baixa
612,153047726,SP-348,Rodovia dos Bandeirantes,yes,3,120,-23.1110731,-47.0040317,84.2,280.4,wood,way,1094351968,20.2,baixa
613,153047726,SP-348,Rodovia dos Bandeirantes,yes,3,120,-23.1116272,-47.0033966,95.0,233.3,wood,way,1094351968,32.8,baixa
614,153047726,SP-348,Rodovia dos Bandeirantes,yes,3,120,-23.1121689,-47.0026475,100.0,216.1,wood,way,1094351968,37.4,baixa
615,153047726,SP-348,Rodovia dos Bandeirantes,yes,3,120,-23.1133123,-47.000607,389.1,57.2,wood,way,1094351968,79.8,alta
616,153047726,SP-348,Rodovia dos Bandeirantes,yes,3,120,-23.1146045,-46.9982778,167.4,90.8,wood,way,1094351936,70.8,alta
617,153047726,SP-348,Rodovia dos Bandeirantes,yes,3,120,-23.1154482,-46.9969763,158.4,36.5,wood,way,1094351936,85.3,alta
618,153047726,SP-348,Rodovia dos Bandeirantes,yes,3,120,-23.1165342,-46.9955605,218.9,70.6,wood,way,1094351938,76.2,alta
619,153047726,SP-348,Rodovia dos Bandeirantes,yes,3,120,-23.1183417,-46.9934724,367.7,133.9,wood,way,1094351938,59.3,media
620,153047726,SP-348,Rodovia dos Bandeirantes,yes,3,120,-23.1206476,-46.9908731,370.9,211.4,wood,way,1094351953,38.6,baixa
621,153047726,SP-348,Rodovia dos Bandeirantes,yes,3,120,-23.1222684,-46.9890425,148.8,77.2,wood,way,1094351953,74.4,alta
622,153047732,SP-348,Rodovia dos Bandeirantes,yes,3,120,-23.1058452,-47.0084789,17.0,141.8,grass,way,1090229504,47.2,media
623,153047748,SP-348,Rodovia dos Bandeirantes,yes,3,120,-23.1056065,-47.0081497,16.2,184.1,grass,way,1090229504,35.9,baixa
624,153047750,SP-348,Rodovia dos Bandeirantes,yes,3,120,-23.1054172,-47.0083011,36.1,189.0,grass,way,1090229505,34.6,baixa
625,153047750,SP-348,Rodovia dos Bandeirantes,yes,3,120,-23.1039792,-47.0094825,364.7,229.5,wood,way,485215792,33.8,baixa
626,153047750,SP-348,Rodovia dos Bandeirantes,yes,3,120,-23.1020482,-47.0110804,175.0,225.5,wood,way,485215792,34.9,baixa
627,153047750,SP-348,Rodovia dos Bandeirantes,yes,3,120,-23.1012094,-47.0117652,58.4,152.8,wood,way,345112900,54.2,media
628,153047750,SP-348,Rodovia dos Bandeirantes,yes,3,120,-23.1006427,-47.0122245,98.9,118.1,wood,way,345112900,63.5,media
629,153047750,SP-348,Rodovia dos Bandeirantes,yes,3,120,-23.1001749,-47.0126164,32.5,109.2,wood,way,345112900,65.9,media
630,155491523,SP-348,Rodovia dos Bandeirantes,yes,3,120,-23.1003069,-47.0130509,33.7,63.3,wood,way,345112900,78.1,alta
631,155491525,SP-348,Rodovia dos Bandeirantes,yes,3,120,-23.0999581,-47.0127928,27.8,105.5,wood,way,345112900,66.9,media
632,155491526,SP-348,Rodovia dos Bandeirantes,yes,3,120,-23.0996306,-47.0130711,64.7,101.7,wood,way,345112900,67.9,media
633,155491526,SP-348,Rodovia dos Bandeirantes,yes,3,120,-23.0991855,-47.0134484,60.9,101.8,wood,way,345112900,67.9,media
634,155491526,SP-348,Rodovia dos Bandeirantes,yes,3,120,-23.0987579,-47.0138101,59.6,123.3,wood,way,345112900,62.1,media
635,155491526,SP-348,Rodovia dos Bandeirantes,yes,3,120,-23.0984056,-47.0141052,39.3,157.0,wood,way,345112900,53.1,media
636,155491526,SP-348,Rodovia dos Bandeirantes,yes,3,120,-23.0981155,-47.0143262,39.5,189.8,wood,way,345112900,44.4,media
637,155491526,SP-348,Rodovia dos Bandeirantes,yes,3,120,-23.0977248,-47.0146419,68.8,237.5,wood,way,345112900,31.7,baixa
638,155491526,SP-348,Rodovia dos Bandeirantes,yes,3,120,-23.0972749,-47.0150154,57.1,295.5,wood,way,345112900,16.2,baixa
639,155491526,SP-348,Rodovia dos Bandeirantes,yes,3,120,-23.0969125,-47.0152863,40.8,342.5,wood,way,345112900,15.0,baixa
640,155491526,SP-348,Rodovia dos Bandeirantes,yes,3,120,-23.0966127,-47.0154773,36.6,316.1,wood,way,1092774055,15.0,baixa
641,155491526,SP-348,Rodovia dos Bandeirantes,yes,3,120,-23.0963211,-47.0156546,37.7,279.4,wood,way,1092774055,20.5,baixa
642,155491526,SP-348,Rodovia dos Bandeirantes,yes,3,120,-23.0959437,-47.0158799,58.0,232.1,wood,way,1092774055,33.1,baixa
643,155491526,SP-348,Rodovia dos Bandeirantes,yes,3,120,-23.0954206,-47.0161536,71.1,169.9,wood,way,1092774055,49.7,media
644,155491526,SP-348,Rodovia dos Bandeirantes,yes,3,120,-23.0948629,-47.0164057,63.2,110.0,wood,way,1092774055,65.7,media
645,155491526,SP-348,Rodovia dos Bandeirantes,yes,3,120,-23.094298,-47.0166269,70.4,68.2,wood,way,1092774055,76.8,alta
646,155491526,SP-348,Rodovia dos Bandeirantes,yes,3,120,-23.0935368,-47.0168723,106.3,67.9,wood,way,1092774055,76.9,alta
647,155491526,SP-348,Rodovia dos Bandeirantes,yes,3,120,-23.0924575,-47.0171888,142.4,102.9,wood,way,1092774055,67.6,media
648,155491526,SP-348,Rodovia dos Bandeirantes,yes,3,120,-23.09133,-47.0175299,117.9,101.2,wood,way,1092774054,68.0,media
649,155491526,SP-348,Rodovia dos Bandeirantes,yes,3,120,-23.0906303,-47.017753,44.3,68.1,wood,way,1092774054,76.8,alta
650,155491526,SP-348,Rodovia dos Bandeirantes,yes,3,120,-23.0902704,-47.0178801,39.9,71.7,wood,way,1092774054,75.9,alta
651,155491526,SP-348,Rodovia dos Bandeirantes,yes,3,120,-23.0899251,-47.0180137,41.6,89.8,wood,way,1092774054,71.0,alta
652,155491526,SP-348,Rodovia dos Bandeirantes,yes,3,120,-23.0895576,-47.0181738,46.5,108.6,wood,way,1092774054,66.0,media
653,155491526,SP-348,Rodovia dos Bandeirantes,yes,3,120,-23.0891492,-47.0183767,53.3,133.5,wood,way,1092774054,59.4,media
654,155491526,SP-348,Rodovia dos Bandeirantes,yes,3,120,-23.0887296,-47.0186084,51.4,135.9,grass,way,1091068749,48.7,media
655,155491526,SP-348,Rodovia dos Bandeirantes,yes,3,120,-23.0883771,-47.0188262,38.8,91.4,grass,way,1091068749,60.6,media
656,155491526,SP-348,Rodovia dos Bandeirantes,yes,3,120,-23.0880612,-47.0190484,44.9,50.1,grass,way,1091068749,71.6,alta
657,155491533,SP-348,Rodovia dos Bandeirantes,yes,3,120,-23.1004774,-47.0129127,13.7,66.1,wood,way,345112900,77.4,alta
658,155491533,SP-348,Rodovia dos Bandeirantes,yes,3,120,-23.10102,-47.0124613,138.3,82.1,wood,way,345112900,73.1,alta
659,155491533,SP-348,Rodovia dos Bandeirantes,yes,3,120,-23.1017649,-47.011848,69.5,160.9,wood,way,345112900,52.1,media
660,155491533,SP-348,Rodovia dos Bandeirantes,yes,3,120,-23.1022671,-47.0114332,70.8,226.0,wood,way,345112900,34.7,baixa
661,155491533,SP-348,Rodovia dos Bandeirantes,yes,3,120,-23.1040091,-47.0099932,415.9,269.6,grass,way,1090229503,13.1,baixa
662,155491533,SP-348,Rodovia dos Bandeirantes,yes,3,120,-23.1056415,-47.0086465,39.8,146.5,grass,way,1090229505,45.9,media
663,156620473,SP-348,Rodovia dos Bandeirantes,yes,3,120,-23.135304,-46.9786108,207.5,248.4,wood,way,1094352202,28.8,baixa
664,156620473,SP-348,Rodovia dos Bandeirantes,yes,3,120,-23.1334797,-46.979218,216.8,253.6,wood,way,1094352103,27.4,baixa
665,156620473,SP-348,Rodovia dos Bandeirantes,yes,3,120,-23.1318216,-46.9797619,168.4,111.7,wood,way,1094352103,65.2,media
666,156620473,SP-348,Rodovia dos Bandeirantes,yes,3,120,-23.1309676,-46.9800597,31.1,62.8,wood,way,1094352103,78.3,alta
667,156620473,SP-348,Rodovia dos Bandeirantes,yes,3,120,-23.1307277,-46.9801602,26.1,71.1,wood,way,1094352103,76.1,alta
668,156620473,SP-348,Rodovia dos Bandeirantes,yes,3,120,-23.1304903,-46.9802642,30.9,87.9,wood,way,1094352103,71.6,alta
669,156620473,SP-348,Rodovia dos Bandeirantes,yes,3,120,-23.1302195,-46.9803956,35.1,114.1,wood,way,1094352103,64.6,media
670,156620473,SP-348,Rodovia dos Bandeirantes,yes,3,120,-23.1297238,-46.9806739,89.0,161.4,wood,way,1094352256,51.9,media
671,156620473,SP-348,Rodovia dos Bandeirantes,yes,3,120,-23.1292471,-46.9809555,31.6,180.7,wood,way,1094352256,46.8,media
672,156620473,SP-348,Rodovia dos Bandeirantes,yes,3,120,-23.1289838,-46.9811299,36.9,200.5,wood,way,1094352256,41.5,media
673,156620473,SP-348,Rodovia dos Bandeirantes,yes,3,120,-23.1287272,-46.9813102,31.0,198.0,wood,way,1094352256,42.2,media
674,156620473,SP-348,Rodovia dos Bandeirantes,yes,3,120,-23.1284886,-46.981496,34.3,197.7,wood,way,1094352256,42.3,media
675,156620473,SP-348,Rodovia dos Bandeirantes,yes,3,120,-23.128221,-46.98173,42.1,205.6,wood,way,1094352256,40.2,media
676,156620473,SP-348,Rodovia dos Bandeirantes,yes,3,120,-23.1279127,-46.9820257,49.4,221.6,wood,way,1092763922,35.9,baixa
677,156620473,SP-348,Rodovia dos Bandeirantes,yes,3,120,-23.1275501,-46.9824086,63.0,220.7,wood,way,1092763922,36.1,baixa
678,156620473,SP-348,Rodovia dos Bandeirantes,yes,3,120,-23.1266603,-46.9834252,224.0,257.9,wood,way,1092763922,26.2,baixa
679,156620473,SP-348,Rodovia dos Bandeirantes,yes,3,120,-23.1256544,-46.9845866,102.3,311.2,wood,way,1092763922,15.0,baixa
680,156620473,SP-348,Rodovia dos Bandeirantes,yes,3,120,-23.1252678,-46.9850398,24.2,340.1,wood,way,1092763922,15.0,baixa
681,156620473,SP-348,Rodovia dos Bandeirantes,yes,3,120,-23.1249816,-46.9853711,68.8,366.0,wood,way,1092763922,15.0,baixa
682,156620473,SP-348,Rodovia dos Bandeirantes,yes,3,120,-23.1242214,-46.9862286,174.8,397.0,wood,way,1094351953,15.0,baixa
683,156620473,SP-348,Rodovia dos Bandeirantes,yes,3,120,-23.1231452,-46.9874435,170.2,239.6,wood,way,1094351953,31.1,baixa
684,156620474,SP-348,Rodovia dos Bandeirantes,yes,3,120,-23.1631189,-46.9473823,53.0,126.3,wood,way,1094352290,61.3,media
685,156620474,SP-348,Rodovia dos Bandeirantes,yes,3,120,-23.1634394,-46.9470005,52.8,127.1,wood,way,1094352290,61.1,media
686,156620474,SP-348,Rodovia dos Bandeirantes,yes,3,120,-23.1639452,-46.9464581,105.2,157.8,wood,way,1094352290,52.9,media
687,156620475,SP-348,Rodovia dos Bandeirantes,yes,3,120,-23.1363515,-46.9782387,37.6,268.8,wood,way,1094352202,23.3,baixa
688,156620476,SP-348,Rodovia dos Bandeirantes,yes,3,120,-23.1454723,-46.9666156,44.7,100.7,wood,way,1094352275,68.2,media
689,156620477,SP-348,Rodovia dos Bandeirantes,yes,3,120,-23.165749,-46.9438619,66.2,220.7,wood,way,1094352284,36.2,baixa
690,156620478,SP-348,Rodovia dos Bandeirantes,yes,3,120,-23.1637382,-46.9460665,106.8,129.7,wood,way,1094352290,60.4,media
691,156620478,SP-348,Rodovia dos Bandeirantes,yes,3,120,-23.1633121,-46.9465199,25.8,93.7,wood,way,1094352290,70.0,alta
692,156620478,SP-348,Rodovia dos Bandeirantes,yes,3,120,-23.1631427,-46.9467071,27.9,83.8,wood,way,1094352290,72.7,alta
693,156620478,SP-348,Rodovia dos Bandeirantes,yes,3,120,-23.1628996,-46.9469963,52.2,80.7,wood,way,1094352290,73.5,alta
694,156620479,SP-348,Rodovia dos Bandeirantes,yes,3,120,-23.1366381,-46.9785552,31.3,314.2,wood,way,1094352202,15.0,baixa
695,156620480,SP-348,Rodovia dos Bandeirantes,yes,3,120,-23.162646,-46.9472967,31.2,84.5,wood,way,1094352290,72.5,alta
696,156620480,SP-348,Rodovia dos Bandeirantes,yes,3,120,-23.1619137,-46.9481438,206.6,59.6,wood,way,1094352290,79.1,alta
697,156620480,SP-348,Rodovia dos Bandeirantes,yes,3,120,-23.1606216,-46.9495993,207.1,129.0,wood,way,1094352290,60.6,media
698,156620480,SP-348,Rodovia dos Bandeirantes,yes,3,120,-23.1586419,-46.9517692,417.9,257.9,wood,way,1094352258,26.2,baixa
699,156620481,SP-348,Rodovia dos Bandeirantes,yes,3,120,-23.1452411,-46.9661751,41.2,55.0,wood,way,1094352275,80.3,alta
700,156620482,SP-348,Rodovia dos Bandeirantes,yes,3,120,-23.1663382,-46.9438456,65.9,242.7,wood,way,1094352284,30.3,baixa
701,156620483,SP-348,Rodovia dos Bandeirantes,yes,3,120,-23.1666303,-46.9435048,29.4,231.8,wood,way,1094352284,33.2,baixa
702,156620483,SP-348,Rodovia dos Bandeirantes,yes,3,120,-23.1668121,-46.9432971,29.3,229.6,wood,way,1094352284,33.8,baixa
703,156620483,SP-348,Rodovia dos Bandeirantes,yes,3,120,-23.1671138,-46.9429815,63.8,235.7,wood,way,1094352284,32.1,baixa
704,156620483,SP-348,Rodovia dos Bandeirantes,yes,3,120,-23.1677242,-46.9423611,122.0,273.5,wood,way,1094352284,22.1,baixa
705,156620483,SP-348,Rodovia dos Bandeirantes,yes,3,120,-23.1685364,-46.9415789,119.3,353.9,wood,way,1094352284,15.0,baixa
706,156620483,SP-348,Rodovia dos Bandeirantes,yes,3,120,-23.1692852,-46.9409085,96.4,327.9,wood,way,1094352131,15.0,baixa
707,156620483,SP-348,Rodovia dos Bandeirantes,yes,3,120,-23.1699985,-46.9403177,103.1,282.0,wood,way,1094352131,19.8,baixa
708,156620483,SP-348,Rodovia dos Bandeirantes,yes,3,120,-23.170592,-46.9398556,59.2,261.2,wood,way,1094352131,25.4,baixa
709,156620483,SP-348,Rodovia dos Bandeirantes,yes,3,120,-23.171185,-46.9394355,98.2,188.1,grass,way,1415047643,34.8,baixa
710,156620483,SP-348,Rodovia dos Bandeirantes,yes,3,120,-23.1716124,-46.9391475,13.6,139.9,grass,way,1415047643,47.7,media
711,156620484,SP-348,Rodovia dos Bandeirantes,yes,3,120,-23.1371696,-46.9782883,98.9,338.7,wood,way,1094352202,15.0,baixa
712,156620484,SP-348,Rodovia dos Bandeirantes,yes,3,120,-23.1381408,-46.9776854,150.2,401.5,wood,way,1094352134,15.0,baixa
713,156620484,SP-348,Rodovia dos Bandeirantes,yes,3,120,-23.1388419,-46.9771749,37.6,320.7,wood,way,1094352134,15.0,baixa
714,156620484,SP-348,Rodovia dos Bandeirantes,yes,3,120,-23.1391354,-46.9769154,46.6,289.7,wood,way,1094352134,17.8,baixa
715,156620484,SP-348,Rodovia dos Bandeirantes,yes,3,120,-23.1394617,-46.9766083,49.4,259.3,wood,way,1094352134,25.9,baixa
716,156620484,SP-348,Rodovia dos Bandeirantes,yes,3,120,-23.1399093,-46.9761235,91.2,230.7,wood,way,1094352134,33.5,baixa
717,156620484,SP-348,Rodovia dos Bandeirantes,yes,3,120,-23.1403162,-46.97564,42.9,219.0,wood,way,1094352134,36.6,baixa
718,156620484,SP-348,Rodovia dos Bandeirantes,yes,3,120,-23.1405727,-46.9752746,51.2,219.5,wood,way,1094352199,36.5,baixa
719,156620484,SP-348,Rodovia dos Bandeirantes,yes,3,120,-23.1408446,-46.9748495,54.7,171.6,wood,way,1094352199,49.2,media
720,156620484,SP-348,Rodovia dos Bandeirantes,yes,3,120,-23.141156,-46.9743251,73.0,116.9,wood,way,1094352199,63.8,media
721,156620484,SP-348,Rodovia dos Bandeirantes,yes,3,120,-23.1414902,-46.9737417,67.6,69.4,wood,way,1094352199,76.5,alta
722,156620484,SP-348,Rodovia dos Bandeirantes,yes,3,120,-23.1422204,-46.9724362,244.9,76.8,wood,way,1094352199,74.5,alta
723,156620484,SP-348,Rodovia dos Bandeirantes,yes,3,120,-23.1432402,-46.9706079,192.4,98.0,wood,way,1094352291,68.9,media
724,156620484,SP-348,Rodovia dos Bandeirantes,yes,3,120,-23.1441595,-46.9689623,201.3,61.5,wood,way,1094352210,78.6,alta
725,156620484,SP-348,Rodovia dos Bandeirantes,yes,3,120,-23.1449984,-46.9674614,157.9,92.7,wood,way,1094352210,70.3,alta
726,156620485,SP-348,Rodovia dos Bandeirantes,yes,3,120,-23.144521,-46.9674856,271.0,77.7,wood,way,1094352275,74.3,alta
727,156620485,SP-348,Rodovia dos Bandeirantes,yes,3,120,-23.1425814,-46.9709884,565.1,101.5,wood,way,1094352291,67.9,media
728,156620485,SP-348,Rodovia dos Bandeirantes,yes,3,120,-23.1408558,-46.9740647,171.8,92.0,wood,way,1094352199,70.5,alta
729,156620485,SP-348,Rodovia dos Bandeirantes,yes,3,120,-23.1403124,-46.9749726,49.8,196.0,wood,way,1094352199,42.7,media
730,156620485,SP-348,Rodovia dos Bandeirantes,yes,3,120,-23.1400478,-46.9753484,47.0,241.9,wood,way,1094352199,30.5,baixa
731,156620485,SP-348,Rodovia dos Bandeirantes,yes,3,120,-23.1396327,-46.9758483,90.8,271.4,wood,way,1094352134,22.6,baixa
732,156620485,SP-348,Rodovia dos Bandeirantes,yes,3,120,-23.1391921,-46.9763267,47.8,296.0,wood,way,1094352134,16.1,baixa
733,156620485,SP-348,Rodovia dos Bandeirantes,yes,3,120,-23.138873,-46.9766315,46.7,322.8,wood,way,1094352134,15.0,baixa
734,156620485,SP-348,Rodovia dos Bandeirantes,yes,3,120,-23.1382228,-46.9771485,132.6,389.6,wood,way,1094352134,15.0,baixa
735,156620485,SP-348,Rodovia dos Bandeirantes,yes,3,120,-23.1375406,-46.9776337,48.8,339.2,wood,way,1094352202,15.0,baixa
736,156620485,SP-348,Rodovia dos Bandeirantes,yes,3,120,-23.137208,-46.9778312,35.5,315.8,wood,way,1094352202,15.0,baixa
737,156620485,SP-348,Rodovia dos Bandeirantes,yes,3,120,-23.1367882,-46.9780426,67.5,289.8,wood,way,1094352202,17.7,baixa
738,195187055,SP-348,Rodovia dos Bandeirantes,yes,3,120,-22.9158353,-47.1566996,101.6,7.1,grass,way,1425941710,83.1,alta
739,195187055,SP-348,Rodovia dos Bandeirantes,yes,3,120,-22.9164659,-47.1555228,177.3,6.0,grass,way,1425941710,83.4,alta
740,195187055,SP-348,Rodovia dos Bandeirantes,yes,3,120,-22.9176329,-47.1533408,339.6,6.1,grass,way,1425941710,83.4,alta
741,195187055,SP-348,Rodovia dos Bandeirantes,yes,3,120,-22.9185314,-47.1516516,60.0,6.8,grass,way,1425941710,83.2,alta
742,195187055,SP-348,Rodovia dos Bandeirantes,yes,3,120,-22.9190874,-47.1506088,186.8,6.8,grass,way,1425941711,83.2,alta
743,195187055,SP-348,Rodovia dos Bandeirantes,yes,3,120,-22.9198287,-47.1492239,141.3,5.9,grass,way,1425941711,83.4,alta
744,195187055,SP-348,Rodovia dos Bandeirantes,yes,3,120,-22.920246,-47.1484235,47.1,7.4,grass,way,1425941711,83.0,alta
745,195187056,SP-348,Rodovia dos Bandeirantes,yes,3,120,-22.9154233,-47.1574736,81.5,6.5,wood,way,742291742,93.3,alta
746,195187057,SP-348,Rodovia dos Bandeirantes,yes,3,120,-22.9152772,-47.1572919,85.1,29.9,wood,way,742291742,87.0,alta
747,195187058,SP-348,Rodovia dos Bandeirantes,yes,3,120,-22.9138131,-47.1600496,567.0,5.3,grass,way,1425941129,83.6,alta
748,195187058,SP-348,Rodovia dos Bandeirantes,yes,3,120,-22.9124253,-47.16266,50.5,5.6,grass,way,1425941129,83.5,alta
749,195187058,SP-348,Rodovia dos Bandeirantes,yes,3,120,-22.9122056,-47.1630957,51.3,6.0,grass,way,1425941129,83.4,alta
750,195187058,SP-348,Rodovia dos Bandeirantes,yes,3,120,-22.9119805,-47.1635932,62.3,5.5,grass,way,1425941129,83.5,alta
751,195187058,SP-348,Rodovia dos Bandeirantes,yes,3,120,-22.911698,-47.1643165,98.6,5.0,grass,way,1425941129,83.7,alta
752,195187058,SP-348,Rodovia dos Bandeirantes,yes,3,120,-22.9114555,-47.1649951,50.5,5.5,grass,way,1425941129,83.5,alta
753,195187058,SP-348,Rodovia dos Bandeirantes,yes,3,120,-22.9113125,-47.165466,51.1,5.7,grass,way,1425941129,83.5,alta
754,195187058,SP-348,Rodovia dos Bandeirantes,yes,3,120,-22.911192,-47.1659176,45.2,5.8,grass,way,1425941129,83.4,alta
755,195187058,SP-348,Rodovia dos Bandeirantes,yes,3,120,-22.9110928,-47.1663465,45.4,5.5,grass,way,1425941129,83.5,alta
756,195187058,SP-348,Rodovia dos Bandeirantes,yes,3,120,-22.9109974,-47.1667968,49.3,5.8,grass,way,1425941129,83.4,alta
757,195187058,SP-348,Rodovia dos Bandeirantes,yes,3,120,-22.9109123,-47.1672636,48.2,5.8,grass,way,1425941129,83.4,alta
758,195187058,SP-348,Rodovia dos Bandeirantes,yes,3,120,-22.9108452,-47.1677256,47.6,5.5,grass,way,1425941129,83.5,alta
759,195187058,SP-348,Rodovia dos Bandeirantes,yes,3,120,-22.9107899,-47.1681805,46.4,5.3,grass,way,1425941129,83.6,alta
760,195187058,SP-348,Rodovia dos Bandeirantes,yes,3,120,-22.9107471,-47.168628,45.8,5.7,grass,way,1425941129,83.5,alta
761,195187058,SP-348,Rodovia dos Bandeirantes,yes,3,120,-22.9107174,-47.1691025,51.7,5.5,grass,way,1425941129,83.5,alta
762,195187058,SP-348,Rodovia dos Bandeirantes,yes,3,120,-22.9107018,-47.1695639,42.9,5.7,grass,way,1425941129,83.5,alta
763,195187058,SP-348,Rodovia dos Bandeirantes,yes,3,120,-22.9107,-47.1699768,41.7,5.6,grass,way,1425941129,83.5,alta
764,195187058,SP-348,Rodovia dos Bandeirantes,yes,3,120,-22.9107083,-47.1703658,38.0,5.8,grass,way,1425941129,83.5,alta
765,195187058,SP-348,Rodovia dos Bandeirantes,yes,3,120,-22.9107271,-47.1707693,44.7,5.7,grass,way,1425941129,83.5,alta
766,195187058,SP-348,Rodovia dos Bandeirantes,yes,3,120,-22.9107616,-47.1712334,50.7,5.5,grass,way,1425941129,83.5,alta
767,195187058,SP-348,Rodovia dos Bandeirantes,yes,3,120,-22.9108237,-47.1718253,71.4,5.6,grass,way,1425941129,83.5,alta
768,195187058,SP-348,Rodovia dos Bandeirantes,yes,3,120,-22.9109064,-47.1724847,64.9,6.7,grass,way,1425941129,83.2,alta
769,195187058,SP-348,Rodovia dos Bandeirantes,yes,3,120,-22.9110885,-47.173777,202.9,6.4,grass,way,1425941129,83.3,alta
770,195187058,SP-348,Rodovia dos Bandeirantes,yes,3,120,-22.9114744,-47.176528,367.2,6.0,grass,way,1425941129,83.4,alta
771,195187058,SP-348,Rodovia dos Bandeirantes,yes,3,120,-22.9119218,-47.1797706,304.5,6.7,grass,way,1425941129,83.2,alta
772,220893669,SP-348,Rodovia dos Bandeirantes,yes,3,120,-22.921111,-47.1463186,42.8,5.1,grass,way,1415048980,83.6,alta
773,220893669,SP-348,Rodovia dos Bandeirantes,yes,3,120,-22.9212275,-47.1459195,42.9,5.2,grass,way,1415048980,83.6,alta
774,220893669,SP-348,Rodovia dos Bandeirantes,yes,3,120,-22.9213292,-47.1454876,48.5,5.9,grass,way,1415048980,83.4,alta
775,220893669,SP-348,Rodovia dos Bandeirantes,yes,3,120,-22.9214134,-47.1450247,48.2,5.5,grass,way,1415048980,83.5,alta
776,220893669,SP-348,Rodovia dos Bandeirantes,yes,3,120,-22.9214713,-47.144619,35.9,5.6,grass,way,1415048980,83.5,alta
777,220893669,SP-348,Rodovia dos Bandeirantes,yes,3,120,-22.921511,-47.1441874,52.9,5.5,grass,way,1415048980,83.5,alta
778,220893669,SP-348,Rodovia dos Bandeirantes,yes,3,120,-22.9215369,-47.1436302,61.4,5.1,grass,way,1415048980,83.7,alta
779,220893669,SP-348,Rodovia dos Bandeirantes,yes,3,120,-22.9215397,-47.1431293,41.2,5.1,grass,way,1415048980,83.6,alta
780,220893669,SP-348,Rodovia dos Bandeirantes,yes,3,120,-22.9215205,-47.1426907,48.8,4.8,grass,way,1415048980,83.7,alta
781,220893669,SP-348,Rodovia dos Bandeirantes,yes,3,120,-22.9214785,-47.142179,56.5,5.1,grass,way,1415048980,83.6,alta
782,220893669,SP-348,Rodovia dos Bandeirantes,yes,3,120,-22.9213822,-47.141359,112.9,5.4,grass,way,1415048980,83.6,alta
783,220893669,SP-348,Rodovia dos Bandeirantes,yes,3,120,-22.9212791,-47.1405999,44.3,5.5,grass,way,1415048980,83.5,alta
784,220893669,SP-348,Rodovia dos Bandeirantes,yes,3,120,-22.921179,-47.1398617,108.6,5.8,grass,way,1415048980,83.4,alta
785,220893669,SP-348,Rodovia dos Bandeirantes,yes,3,120,-22.9210919,-47.139165,35.4,5.9,grass,way,1415048980,83.4,alta
786,220893669,SP-348,Rodovia dos Bandeirantes,yes,3,120,-22.9210592,-47.1388523,29.0,5.7,grass,way,1415048980,83.5,alta
787,220893669,SP-348,Rodovia dos Bandeirantes,yes,3,120,-22.9210346,-47.138594,24.1,5.5,grass,way,1415048980,83.5,alta
788,220893669,SP-348,Rodovia dos Bandeirantes,yes,3,120,-22.9210176,-47.1383639,23.2,5.6,grass,way,1415048980,83.5,alta
789,220893669,SP-348,Rodovia dos Bandeirantes,yes,3,120,-22.9210105,-47.1381395,22.8,6.3,grass,way,1415048980,83.3,alta
790,220893669,SP-348,Rodovia dos Bandeirantes,yes,3,120,-22.9210107,-47.1378331,39.9,8.3,grass,way,1415048980,82.8,alta
791,220893669,SP-348,Rodovia dos Bandeirantes,yes,3,120,-22.9210179,-47.1375382,20.5,14.3,grass,way,1415048980,81.2,alta
792,220893669,SP-348,Rodovia dos Bandeirantes,yes,3,120,-22.921034,-47.1373296,22.4,15.9,grass,way,1415048980,80.8,alta
793,220893669,SP-348,Rodovia dos Bandeirantes,yes,3,120,-22.921056,-47.1371158,21.7,25.9,grass,way,1415048980,78.1,alta
794,220893669,SP-348,Rodovia dos Bandeirantes,yes,3,120,-22.9210814,-47.1368884,25.2,46.7,grass,way,1415048980,72.5,alta
795,220893669,SP-348,Rodovia dos Bandeirantes,yes,3,120,-22.9211299,-47.1365624,42.4,79.6,grass,way,1415048980,63.8,media
796,220893669,SP-348,Rodovia dos Bandeirantes,yes,3,120,-22.9212027,-47.136188,35.9,85.0,wood,way,1074239243,72.3,alta
797,220893669,SP-348,Rodovia dos Bandeirantes,yes,3,120,-22.9212839,-47.1358475,36.1,81.8,wood,way,1074239243,73.2,alta
798,220893669,SP-348,Rodovia dos Bandeirantes,yes,3,120,-22.9213717,-47.1355401,29.9,86.0,wood,way,1074239243,72.1,alta
799,220893669,SP-348,Rodovia dos Bandeirantes,yes,3,120,-22.9214622,-47.1352687,29.2,91.2,wood,way,1074239243,70.7,alta
800,220893669,SP-348,Rodovia dos Bandeirantes,yes,3,120,-22.921547,-47.1350291,23.3,87.6,wood,way,1074239244,71.6,alta
801,220893669,SP-348,Rodovia dos Bandeirantes,yes,3,120,-22.9215964,-47.1348943,6.4,81.6,wood,way,1074239244,73.2,alta
802,220893669,SP-348,Rodovia dos Bandeirantes,yes,3,120,-22.9217164,-47.1346265,54.6,74.8,wood,way,1074239244,75.1,alta
803,220893670,SP-348,Rodovia dos Bandeirantes,yes,3,120,-22.9209538,-47.1468097,18.9,9.0,grass,way,1425941712,82.6,alta
804,220893670,SP-348,Rodovia dos Bandeirantes,yes,3,120,-22.9210172,-47.1466203,22.4,10.1,grass,way,1415048980,82.3,alta
805,220893671,SP-348,Rodovia dos Bandeirantes,yes,3,120,-22.9206004,-47.1477086,35.9,6.3,grass,way,1425941712,83.3,alta
806,220893671,SP-348,Rodovia dos Bandeirantes,yes,3,120,-22.9207354,-47.1473974,34.6,5.9,grass,way,1425941712,83.4,alta
807,220893671,SP-348,Rodovia dos Bandeirantes,yes,3,120,-22.9208607,-47.147069,38.2,6.5,grass,way,1425941712,83.3,alta
808,220893672,SP-348,Rodovia dos Bandeirantes,yes,3,120,-22.9206274,-47.1470942,35.4,5.9,grass,way,1425941712,83.4,alta
809,220893672,SP-348,Rodovia dos Bandeirantes,yes,3,120,-22.9205129,-47.1473761,27.7,6.5,grass,way,1425941712,83.3,alta
810,220893672,SP-348,Rodovia dos Bandeirantes,yes,3,120,-22.9204143,-47.1475972,22.6,6.8,grass,way,1425941712,83.2,alta
811,220893674,SP-348,Rodovia dos Bandeirantes,yes,3,120,-22.9208019,-47.1466006,28.3,16.6,grass,way,1415048980,80.6,alta
812,220893674,SP-348,Rodovia dos Bandeirantes,yes,3,120,-22.9207248,-47.1468331,22.3,5.9,grass,way,1425941712,83.4,alta
813,220893678,SP-348,Rodovia dos Bandeirantes,yes,3,120,-22.9202749,-47.1478891,44.7,13.0,grass,way,1425941712,81.5,alta
814,220893681,SP-348,Rodovia dos Bandeirantes,yes,3,120,-22.9204372,-47.1480431,41.7,16.9,grass,way,1425941712,80.5,alta
815,220893683,SP-348,Rodovia dos Bandeirantes,yes,3,120,-22.9200906,-47.1482631,42.1,6.2,grass,way,1425941711,83.3,alta
816,220893683,SP-348,Rodovia dos Bandeirantes,yes,3,120,-22.9196751,-47.1490515,143.9,5.8,grass,way,1425941711,83.5,alta
817,220893683,SP-348,Rodovia dos Bandeirantes,yes,3,120,-22.9191596,-47.1500163,84.5,5.4,grass,way,1425941711,83.5,alta
818,220893683,SP-348,Rodovia dos Bandeirantes,yes,3,120,-22.9187089,-47.150853,114.0,6.6,grass,way,1425941710,83.2,alta
819,220893683,SP-348,Rodovia dos Bandeirantes,yes,3,120,-22.9183043,-47.1516121,65.6,5.6,grass,way,1425941710,83.5,alta
820,220893683,SP-348,Rodovia dos Bandeirantes,yes,3,120,-22.9173761,-47.1533499,345.9,6.1,grass,way,1425941710,83.4,alta
821,220893683,SP-348,Rodovia dos Bandeirantes,yes,3,120,-22.9161715,-47.1556053,188.2,6.6,grass,way,1425941710,83.2,alta
822,220893683,SP-348,Rodovia dos Bandeirantes,yes,3,120,-22.9156064,-47.1566653,62.7,6.5,grass,way,1425941710,83.3,alta
823,220925484,SP-348,Rodovia dos Bandeirantes,yes,3,120,-23.0414548,-47.0644729,35.9,276.5,wood,way,1094356575,21.3,baixa
824,220925485,SP-348,Rodovia dos Bandeirantes,yes,3,110,-23.0411157,-47.0642609,36.4,255.9,wood,way,1094356575,26.7,baixa
825,220925486,SP-348,Rodovia dos Bandeirantes,yes,3,120,-23.041885,-47.0636589,156.2,201.8,wood,way,1094356575,41.2,media
826,220925486,SP-348,Rodovia dos Bandeirantes,yes,3,120,-23.0424293,-47.0626522,82.7,140.3,wood,way,1094356575,57.6,media
827,220925486,SP-348,Rodovia dos Bandeirantes,yes,3,120,-23.0427823,-47.0620387,65.3,137.6,wood,way,1094356575,58.3,media
828,220925486,SP-348,Rodovia dos Bandeirantes,yes,3,120,-23.0433334,-47.0612053,144.8,107.8,wood,way,1094356565,66.2,media
829,220925486,SP-348,Rodovia dos Bandeirantes,yes,3,120,-23.0438417,-47.0604971,39.1,57.4,wood,way,1094356586,79.7,alta
830,220925486,SP-348,Rodovia dos Bandeirantes,yes,3,120,-23.0440611,-47.0602194,35.8,38.9,wood,way,1094356586,84.6,alta
831,220925486,SP-348,Rodovia dos Bandeirantes,yes,3,120,-23.0449232,-47.0591526,254.7,87.3,wood,way,1094356586,71.7,alta
832,220925486,SP-348,Rodovia dos Bandeirantes,yes,3,120,-23.0460267,-47.0578015,115.0,130.6,wood,way,1092771796,60.2,media
833,220925486,SP-348,Rodovia dos Bandeirantes,yes,3,120,-23.0464933,-47.0572387,40.1,175.7,wood,way,1092771796,48.1,media
834,220925486,SP-348,Rodovia dos Bandeirantes,yes,3,120,-23.046729,-47.0569561,38.0,205.9,wood,way,1092771796,40.1,media
835,220925486,SP-348,Rodovia dos Bandeirantes,yes,3,120,-23.0469698,-47.0566629,42.4,239.5,wood,way,1092771796,31.1,baixa
836,220925486,SP-348,Rodovia dos Bandeirantes,yes,3,120,-23.0472008,-47.0563823,34.6,261.3,wood,way,1092771796,25.3,baixa
837,220925486,SP-348,Rodovia dos Bandeirantes,yes,3,120,-23.0479323,-47.0554905,209.9,291.5,wood,way,1092771796,17.3,baixa
838,220925486,SP-348,Rodovia dos Bandeirantes,yes,3,120,-23.0489159,-47.0542909,119.0,290.5,wood,way,1092771796,17.5,baixa
839,220925486,SP-348,Rodovia dos Bandeirantes,yes,3,120,-23.0496469,-47.0534108,123.7,213.8,wood,way,1092771796,38.0,baixa
840,220925486,SP-348,Rodovia dos Bandeirantes,yes,3,120,-23.050809,-47.052058,255.1,127.7,wood,way,1092771796,60.9,media
841,220925486,SP-348,Rodovia dos Bandeirantes,yes,3,120,-23.0520854,-47.0506103,155.2,118.0,wood,way,1092771796,63.5,media
842,220925487,SP-348,Rodovia dos Bandeirantes,yes,3,120,-23.041019,-47.0644444,6.8,249.7,wood,way,1094356582,28.4,baixa
843,220925487,SP-348,Rodovia dos Bandeirantes,yes,3,120,-23.0405621,-47.0653148,198.3,206.8,wood,way,1094356582,39.9,baixa
844,220925487,SP-348,Rodovia dos Bandeirantes,yes,3,120,-23.0399722,-47.0664101,61.5,203.5,wood,way,1094356582,40.7,media
845,220925487,SP-348,Rodovia dos Bandeirantes,yes,3,120,-23.0397087,-47.0668405,44.3,222.1,wood,way,1094356582,35.8,baixa
846,220925487,SP-348,Rodovia dos Bandeirantes,yes,3,120,-23.0394791,-47.0671785,41.7,243.0,wood,way,1094356582,30.2,baixa
847,220925487,SP-348,Rodovia dos Bandeirantes,yes,3,120,-23.0392472,-47.0674815,39.1,265.6,wood,way,1094356582,24.2,baixa
848,220925487,SP-348,Rodovia dos Bandeirantes,yes,3,120,-23.0389787,-47.0677981,49.0,293.1,wood,way,1094356582,16.8,baixa
849,220925487,SP-348,Rodovia dos Bandeirantes,yes,3,120,-23.0386245,-47.0681809,62.1,329.6,wood,way,1094356582,15.0,baixa
850,220925487,SP-348,Rodovia dos Bandeirantes,yes,3,120,-23.0382302,-47.0685598,55.0,370.1,wood,way,1094356582,15.0,baixa
851,220925487,SP-348,Rodovia dos Bandeirantes,yes,3,120,-23.0377613,-47.0689421,75.5,416.6,wood,way,1094356582,15.0,baixa
852,220925487,SP-348,Rodovia dos Bandeirantes,yes,3,120,-23.0372478,-47.0693115,61.5,467.4,wood,way,1094356582,15.0,baixa
853,220925487,SP-348,Rodovia dos Bandeirantes,yes,3,120,-23.0364944,-47.0697527,128.9,500.0,sem_feicao_em_500m,,,0.0,baixa
854,220925487,SP-348,Rodovia dos Bandeirantes,yes,3,120,-23.0346641,-47.070666,319.1,500.0,sem_feicao_em_500m,,,0.0,baixa
855,220925487,SP-348,Rodovia dos Bandeirantes,yes,3,120,-23.0325758,-47.0716709,188.8,477.4,wood,way,1094356567,15.0,baixa
856,220925487,SP-348,Rodovia dos Bandeirantes,yes,3,120,-23.0294776,-47.0731662,565.1,159.6,wood,way,1094356578,52.4,media
857,220925487,SP-348,Rodovia dos Bandeirantes,yes,3,120,-23.0263532,-47.0746658,194.5,81.2,wood,way,1094356578,73.3,alta
858,220925487,SP-348,Rodovia dos Bandeirantes,yes,3,120,-23.0248182,-47.0754343,181.4,197.6,wood,way,1094356584,42.3,media
859,228603657,SP-348,Rodovia dos Bandeirantes,yes,3,120,-23.1212006,-46.9896167,380.0,141.7,wood,way,1094351953,57.2,media
860,228603657,SP-348,Rodovia dos Bandeirantes,yes,3,120,-23.1190028,-46.992088,323.1,249.3,wood,way,1094351938,28.5,baixa
861,228603657,SP-348,Rodovia dos Bandeirantes,yes,3,120,-23.1169106,-46.9945148,357.2,58.5,wood,way,1094351955,79.4,alta
862,228603657,SP-348,Rodovia dos Bandeirantes,yes,3,120,-23.1156275,-46.9960628,69.2,32.6,wood,way,1094351955,86.3,alta
863,228603657,SP-348,Rodovia dos Bandeirantes,yes,3,120,-23.115232,-46.9966074,72.7,39.3,wood,way,1094351955,84.5,alta
864,228603657,SP-348,Rodovia dos Bandeirantes,yes,3,120,-23.1148429,-46.9971721,71.7,45.2,wood,way,1094351955,83.0,alta
865,228603657,SP-348,Rodovia dos Bandeirantes,yes,3,120,-23.1144522,-46.9977756,79.3,95.2,wood,way,1094351955,69.6,media
866,228603657,SP-348,Rodovia dos Bandeirantes,yes,3,120,-23.1140334,-46.9984656,89.9,107.9,wood,way,1094351955,66.2,media
867,228603657,SP-348,Rodovia dos Bandeirantes,yes,3,120,-23.1129318,-47.0004951,392.1,99.7,wood,way,1094351968,68.4,media
868,228603657,SP-348,Rodovia dos Bandeirantes,yes,3,120,-23.1117717,-47.0025366,99.3,212.3,wood,way,1094351955,38.4,baixa
869,228603657,SP-348,Rodovia dos Bandeirantes,yes,3,120,-23.1112651,-47.0031978,76.9,248.4,wood,way,1094351955,28.8,baixa
870,228603657,SP-348,Rodovia dos Bandeirantes,yes,3,120,-23.1108407,-47.0036816,59.9,287.6,wood,way,1094351955,18.3,baixa
871,228603657,SP-348,Rodovia dos Bandeirantes,yes,3,120,-23.1102874,-47.0042276,106.4,343.8,wood,way,1094351955,15.0,baixa
872,228603657,SP-348,Rodovia dos Bandeirantes,yes,3,120,-23.1092326,-47.0051356,192.9,396.3,grass,way,549133530,5.0,baixa
873,228603657,SP-348,Rodovia dos Bandeirantes,yes,3,120,-23.1083594,-47.0058744,53.2,293.7,grass,way,549133530,6.7,baixa
874,228603657,SP-348,Rodovia dos Bandeirantes,yes,3,120,-23.1069216,-47.0070738,349.9,189.3,grass,way,549133530,34.5,baixa
875,228603658,SP-348,Rodovia dos Bandeirantes,yes,3,120,-23.122506,-46.9881669,35.0,159.0,wood,way,1094351953,52.6,media
876,228603659,SP-348,Rodovia dos Bandeirantes,yes,3,120,-23.1228424,-46.988395,35.1,137.4,wood,way,1094351953,58.4,media
877,228603660,SP-348,Rodovia dos Bandeirantes,yes,3,120,-23.1233192,-46.9878486,118.9,205.9,wood,way,1094351953,40.1,media
878,228603660,SP-348,Rodovia dos Bandeirantes,yes,3,120,-23.1241205,-46.9869115,142.8,329.3,wood,way,1094351953,15.0,baixa
879,228603660,SP-348,Rodovia dos Bandeirantes,yes,3,120,-23.125039,-46.9858505,155.3,357.3,wood,way,1092763922,15.0,baixa
880,228603660,SP-348,Rodovia dos Bandeirantes,yes,3,120,-23.1258166,-46.9849822,92.6,282.5,wood,way,1092763922,19.7,baixa
881,228603660,SP-348,Rodovia dos Bandeirantes,yes,3,120,-23.1267984,-46.9838604,224.1,224.3,wood,way,1092763922,35.2,baixa
882,228603660,SP-348,Rodovia dos Bandeirantes,yes,3,120,-23.1277838,-46.9827601,90.1,178.2,wood,way,1092763922,47.5,media
883,228603660,SP-348,Rodovia dos Bandeirantes,yes,3,120,-23.1281606,-46.9823692,25.7,176.9,wood,way,1092763922,47.8,media
884,228603660,SP-348,Rodovia dos Bandeirantes,yes,3,120,-23.1283702,-46.9821627,37.2,183.3,wood,way,1092763922,46.1,media
885,228603660,SP-348,Rodovia dos Bandeirantes,yes,3,120,-23.128586,-46.981967,25.3,193.3,wood,way,1092763922,43.5,media
886,228603660,SP-348,Rodovia dos Bandeirantes,yes,3,120,-23.128813,-46.9817812,37.8,206.3,wood,way,1092763922,40.0,media
887,228603660,SP-348,Rodovia dos Bandeirantes,yes,3,120,-23.1291552,-46.9815203,55.1,220.3,wood,way,1092763922,36.2,baixa
888,228603660,SP-348,Rodovia dos Bandeirantes,yes,3,120,-23.1295591,-46.9812486,50.6,213.8,wood,way,1094352256,38.0,baixa
889,228603660,SP-348,Rodovia dos Bandeirantes,yes,3,120,-23.129981,-46.9809998,56.1,180.6,wood,way,1094352103,46.8,media
890,228603660,SP-348,Rodovia dos Bandeirantes,yes,3,120,-23.1305131,-46.9807235,75.1,132.0,wood,way,1094352103,59.8,media
891,228603660,SP-348,Rodovia dos Bandeirantes,yes,3,120,-23.1310255,-46.9804935,48.2,107.3,wood,way,1094352103,66.4,media
892,228603660,SP-348,Rodovia dos Bandeirantes,yes,3,120,-23.1316495,-46.9802668,98.1,123.6,wood,way,1094352103,62.0,media
893,228603660,SP-348,Rodovia dos Bandeirantes,yes,3,120,-23.132347,-46.9800268,64.6,175.5,wood,way,1094352103,48.2,media
894,228603660,SP-348,Rodovia dos Bandeirantes,yes,3,120,-23.1332113,-46.9797358,136.6,244.3,wood,way,1094352103,29.9,baixa
895,228603660,SP-348,Rodovia dos Bandeirantes,yes,3,120,-23.1348581,-46.9791908,246.2,300.6,wood,way,1094352202,15.0,baixa
896,228603660,SP-348,Rodovia dos Bandeirantes,yes,3,120,-23.136213,-46.9787283,69.7,299.9,wood,way,1094352202,15.0,baixa
897,308994915,SP-348,Rodovia dos Bandeirantes,yes,3,120,-22.9120035,-47.178752,512.2,6.8,grass,way,1425941129,83.2,alta
898,308994915,SP-348,Rodovia dos Bandeirantes,yes,3,120,-22.9115452,-47.1755041,160.9,6.1,grass,way,1425941129,83.4,alta
899,308994915,SP-348,Rodovia dos Bandeirantes,yes,3,120,-22.911288,-47.173687,215.7,5.9,grass,way,1425941129,83.4,alta
900,308994915,SP-348,Rodovia dos Bandeirantes,yes,3,120,-22.9110857,-47.1722044,91.4,6.2,grass,way,1425941129,83.3,alta
901,308994915,SP-348,Rodovia dos Bandeirantes,yes,3,120,-22.9110052,-47.1715375,46.4,6.3,grass,way,1425941129,83.3,alta
902,308994915,SP-348,Rodovia dos Bandeirantes,yes,3,120,-22.9109623,-47.1711116,41.4,6.0,grass,way,1425941129,83.4,alta
903,308994915,SP-348,Rodovia dos Bandeirantes,yes,3,120,-22.9109348,-47.1707179,39.5,6.0,grass,way,1425941129,83.4,alta
904,308994915,SP-348,Rodovia dos Bandeirantes,yes,3,120,-22.9109186,-47.170302,45.8,5.9,grass,way,1425941129,83.4,alta
905,308994915,SP-348,Rodovia dos Bandeirantes,yes,3,120,-22.9109135,-47.169872,42.4,6.2,grass,way,1425941129,83.4,alta
906,308994915,SP-348,Rodovia dos Bandeirantes,yes,3,120,-22.9109155,-47.1694782,38.3,6.1,grass,way,1425941129,83.4,alta
907,308994915,SP-348,Rodovia dos Bandeirantes,yes,3,120,-22.9109289,-47.1690763,44.1,5.9,grass,way,1425941129,83.4,alta
908,308994915,SP-348,Rodovia dos Bandeirantes,yes,3,120,-22.9109599,-47.1686183,50.0,6.3,grass,way,1425941129,83.3,alta
909,308994915,SP-348,Rodovia dos Bandeirantes,yes,3,120,-22.9110037,-47.1681482,46.8,6.0,grass,way,1425941129,83.4,alta
910,308994915,SP-348,Rodovia dos Bandeirantes,yes,3,120,-22.9110594,-47.167692,47.5,5.8,grass,way,1425941129,83.5,alta
911,308994915,SP-348,Rodovia dos Bandeirantes,yes,3,120,-22.9111322,-47.1672266,49.2,6.0,grass,way,1425941129,83.4,alta
912,308994915,SP-348,Rodovia dos Bandeirantes,yes,3,120,-22.911226,-47.1667314,54.3,6.1,grass,way,1425941129,83.4,alta
913,308994915,SP-348,Rodovia dos Bandeirantes,yes,3,120,-22.9113437,-47.1661976,58.1,6.3,grass,way,1425941129,83.3,alta
914,308994915,SP-348,Rodovia dos Bandeirantes,yes,3,120,-22.91148,-47.16567,54.2,6.2,grass,way,1425941129,83.4,alta
915,308994915,SP-348,Rodovia dos Bandeirantes,yes,3,120,-22.9116214,-47.1651861,49.8,6.2,grass,way,1425941129,83.3,alta
916,308994915,SP-348,Rodovia dos Bandeirantes,yes,3,120,-22.9117743,-47.1647138,52.7,5.7,grass,way,1425941129,83.5,alta
917,308994915,SP-348,Rodovia dos Bandeirantes,yes,3,120,-22.9119617,-47.1642098,58.6,6.2,grass,way,1425941129,83.3,alta
918,308994915,SP-348,Rodovia dos Bandeirantes,yes,3,120,-22.9121652,-47.1637191,51.6,6.5,grass,way,1425941129,83.3,alta
919,308994915,SP-348,Rodovia dos Bandeirantes,yes,3,120,-22.9123739,-47.163255,54.2,6.2,grass,way,1425941129,83.3,alta
920,308994915,SP-348,Rodovia dos Bandeirantes,yes,3,120,-22.9126146,-47.1627666,59.3,6.2,grass,way,1425941129,83.4,alta
921,308994915,SP-348,Rodovia dos Bandeirantes,yes,3,120,-22.913994,-47.160167,555.3,6.0,grass,way,1425941129,83.4,alta
922,308994917,SP-348,Rodovia dos Bandeirantes,yes,3,120,-22.9122854,-47.1823757,145.1,6.7,grass,way,1413364018,83.2,alta
923,308994917,SP-348,Rodovia dos Bandeirantes,yes,3,120,-22.9124355,-47.1834285,73.2,5.8,grass,way,1413364018,83.5,alta
924,308994917,SP-348,Rodovia dos Bandeirantes,yes,3,120,-22.9125151,-47.1841346,72.6,6.3,grass,way,1413364018,83.3,alta
925,308994917,SP-348,Rodovia dos Bandeirantes,yes,3,120,-22.9125738,-47.184921,89.1,6.5,grass,way,1413364018,83.3,alta
926,308994917,SP-348,Rodovia dos Bandeirantes,yes,3,120,-22.9126029,-47.1855892,48.0,6.0,grass,way,1413364018,83.4,alta
927,308994917,SP-348,Rodovia dos Bandeirantes,yes,3,120,-22.9126054,-47.1860097,38.2,6.0,grass,way,1413364018,83.4,alta
928,308994917,SP-348,Rodovia dos Bandeirantes,yes,3,120,-22.9125973,-47.1863673,35.1,6.1,grass,way,1413364018,83.4,alta
929,308994917,SP-348,Rodovia dos Bandeirantes,yes,3,120,-22.9125806,-47.1866966,32.5,6.3,grass,way,1413364018,83.3,alta
930,308994917,SP-348,Rodovia dos Bandeirantes,yes,3,120,-22.9125592,-47.1870133,32.6,6.6,grass,way,1413364018,83.2,alta
931,308994917,SP-348,Rodovia dos Bandeirantes,yes,3,120,-22.9125333,-47.1873452,35.6,6.2,grass,way,1413364018,83.3,alta
932,308994917,SP-348,Rodovia dos Bandeirantes,yes,3,120,-22.912497,-47.1877022,37.9,6.3,grass,way,1413364018,83.3,alta
933,308994917,SP-348,Rodovia dos Bandeirantes,yes,3,120,-22.9124439,-47.1881112,46.7,6.1,grass,way,1413364018,83.4,alta
934,308994917,SP-348,Rodovia dos Bandeirantes,yes,3,120,-22.9123827,-47.1885202,38.2,6.0,grass,way,1413364018,83.4,alta
935,308994917,SP-348,Rodovia dos Bandeirantes,yes,3,120,-22.9123234,-47.1888721,35.1,6.0,grass,way,1413364018,83.4,alta
936,308994917,SP-348,Rodovia dos Bandeirantes,yes,3,120,-22.9122526,-47.189234,40.7,6.0,grass,way,1413364018,83.4,alta
937,308994917,SP-348,Rodovia dos Bandeirantes,yes,3,120,-22.9121587,-47.1896425,45.6,6.0,grass,way,1413364018,83.4,alta
938,308994917,SP-348,Rodovia dos Bandeirantes,yes,3,120,-22.9120516,-47.190066,44.4,6.2,grass,way,1413364018,83.4,alta
939,308994917,SP-348,Rodovia dos Bandeirantes,yes,3,120,-22.91194,-47.1904681,41.6,6.2,grass,way,1413364018,83.4,alta
940,308994917,SP-348,Rodovia dos Bandeirantes,yes,3,120,-22.9118119,-47.1908828,48.0,6.4,grass,way,1413364018,83.3,alta
941,308994917,SP-348,Rodovia dos Bandeirantes,yes,3,120,-22.9116699,-47.1913038,43.9,6.3,grass,way,1413364018,83.3,alta
942,308994917,SP-348,Rodovia dos Bandeirantes,yes,3,120,-22.9115256,-47.1916973,42.9,6.2,grass,way,1413364018,83.3,alta
943,308994917,SP-348,Rodovia dos Bandeirantes,yes,3,120,-22.911372,-47.1920923,45.0,6.0,grass,way,1413364018,83.4,alta
944,308994917,SP-348,Rodovia dos Bandeirantes,yes,3,120,-22.9111822,-47.1925404,56.1,6.0,grass,way,1413364018,83.4,alta
945,308994917,SP-348,Rodovia dos Bandeirantes,yes,3,120,-22.9109709,-47.192997,48.6,5.5,grass,way,1413364018,83.5,alta
946,308994917,SP-348,Rodovia dos Bandeirantes,yes,3,120,-22.9107755,-47.1933892,42.7,5.3,grass,way,1413364018,83.6,alta
947,308994917,SP-348,Rodovia dos Bandeirantes,yes,3,120,-22.9105589,-47.1937933,53.0,5.3,grass,way,1413364018,83.6,alta
948,308994917,SP-348,Rodovia dos Bandeirantes,yes,3,120,-22.9103392,-47.1941788,39.8,5.1,grass,way,1413364018,83.7,alta
949,308994917,SP-348,Rodovia dos Bandeirantes,yes,3,120,-22.9101391,-47.1945068,40.8,4.7,grass,way,1413364017,83.7,alta
950,308994917,SP-348,Rodovia dos Bandeirantes,yes,3,120,-22.9096381,-47.1952681,150.9,5.5,grass,way,1413364017,83.5,alta
951,308994917,SP-348,Rodovia dos Bandeirantes,yes,3,120,-22.9090408,-47.1961537,74.0,4.5,grass,way,1413364017,83.8,alta
952,308994917,SP-348,Rodovia dos Bandeirantes,yes,3,120,-22.9083898,-47.1971031,168.5,4.2,grass,way,1413364016,83.9,alta
953,308994917,SP-348,Rodovia dos Bandeirantes,yes,3,120,-22.9074147,-47.1985045,191.3,5.1,grass,way,1413364016,83.6,alta
954,308994917,SP-348,Rodovia dos Bandeirantes,yes,3,120,-22.9064318,-47.199917,171.3,5.7,grass,way,1413364016,83.5,alta
955,308994917,SP-348,Rodovia dos Bandeirantes,yes,3,120,-22.9055387,-47.2012158,160.7,5.4,grass,way,1413364016,83.5,alta
956,308994917,SP-348,Rodovia dos Bandeirantes,yes,3,120,-22.9045748,-47.2026145,197.1,6.1,grass,way,1413364016,83.4,alta
957,308994917,SP-348,Rodovia dos Bandeirantes,yes,3,120,-22.9038546,-47.2036627,70.7,6.4,grass,way,1413364016,83.3,alta
958,308994918,SP-348,Rodovia dos Bandeirantes,yes,3,120,-22.8784136,-47.2494387,88.8,6.1,grass,way,1424893619,83.4,alta
959,308994918,SP-348,Rodovia dos Bandeirantes,yes,3,120,-22.8789394,-47.2487842,89.1,4.9,grass,way,1424893619,83.7,alta
960,308994918,SP-348,Rodovia dos Bandeirantes,yes,3,120,-22.8793711,-47.2481978,64.7,5.9,grass,way,1424893619,83.4,alta
961,308994918,SP-348,Rodovia dos Bandeirantes,yes,3,120,-22.8796769,-47.2477371,51.7,6.2,grass,way,1424893619,83.4,alta
962,308994918,SP-348,Rodovia dos Bandeirantes,yes,3,120,-22.8799203,-47.2473325,47.4,5.5,grass,way,1424893619,83.5,alta
963,308994918,SP-348,Rodovia dos Bandeirantes,yes,3,120,-22.8801328,-47.2469596,42.4,5.6,grass,way,1424893619,83.5,alta
964,308994918,SP-348,Rodovia dos Bandeirantes,yes,3,120,-22.8803347,-47.2465876,46.1,6.1,grass,way,1424893619,83.4,alta
965,308994918,SP-348,Rodovia dos Bandeirantes,yes,3,120,-22.8805116,-47.2462353,36.1,6.2,grass,way,1424893619,83.4,alta
966,308994918,SP-348,Rodovia dos Bandeirantes,yes,3,120,-22.8807002,-47.2458252,57.8,5.9,grass,way,1424893619,83.4,alta
967,308994918,SP-348,Rodovia dos Bandeirantes,yes,3,120,-22.8808898,-47.2453915,40.6,6.4,grass,way,1424893619,83.3,alta
968,308994918,SP-348,Rodovia dos Bandeirantes,yes,3,120,-22.8810259,-47.2450422,37.2,6.1,grass,way,1424893619,83.4,alta
969,308994918,SP-348,Rodovia dos Bandeirantes,yes,3,120,-22.8811654,-47.2446511,48.7,5.5,grass,way,1424893619,83.5,alta
970,308994918,SP-348,Rodovia dos Bandeirantes,yes,3,120,-22.8812953,-47.2442776,33.0,6.0,grass,way,1424893619,83.4,alta
971,308994918,SP-348,Rodovia dos Bandeirantes,yes,3,120,-22.8814044,-47.2439289,42.4,6.2,grass,way,1424893619,83.4,alta
972,308994918,SP-348,Rodovia dos Bandeirantes,yes,3,120,-22.8815109,-47.2435552,37.8,6.3,grass,way,1424893619,83.3,alta
973,308994918,SP-348,Rodovia dos Bandeirantes,yes,3,120,-22.8816062,-47.2431825,41.5,6.1,grass,way,1424893619,83.4,alta
974,308994918,SP-348,Rodovia dos Bandeirantes,yes,3,120,-22.8817019,-47.2427735,45.0,6.1,grass,way,1424893619,83.4,alta
975,308994918,SP-348,Rodovia dos Bandeirantes,yes,3,120,-22.8817942,-47.2423285,48.5,6.2,grass,way,1424893619,83.3,alta
976,308994918,SP-348,Rodovia dos Bandeirantes,yes,3,120,-22.8818758,-47.2418817,44.8,6.1,grass,way,1424893619,83.4,alta
977,308994918,SP-348,Rodovia dos Bandeirantes,yes,3,120,-22.8820519,-47.2408891,162.3,6.2,grass,way,1424893619,83.3,alta
978,308994918,SP-348,Rodovia dos Bandeirantes,yes,3,120,-22.8822232,-47.2399111,41.6,6.3,grass,way,1424893619,83.3,alta
979,308994918,SP-348,Rodovia dos Bandeirantes,yes,3,120,-22.8823038,-47.2394558,53.4,6.4,grass,way,1424893619,83.3,alta
980,308994918,SP-348,Rodovia dos Bandeirantes,yes,3,120,-22.8824362,-47.238683,107.7,6.1,grass,way,1424893619,83.4,alta
981,308994918,SP-348,Rodovia dos Bandeirantes,yes,3,120,-22.8827175,-47.2370305,236.6,5.5,grass,way,1424893619,83.5,alta
982,308994918,SP-348,Rodovia dos Bandeirantes,yes,3,120,-22.8830163,-47.2353486,114.3,6.3,grass,way,1424893619,83.3,alta
983,308994918,SP-348,Rodovia dos Bandeirantes,yes,3,120,-22.8831824,-47.2345258,58.3,6.0,grass,way,1425101947,83.4,alta
984,308994918,SP-348,Rodovia dos Bandeirantes,yes,3,120,-22.8832961,-47.2340684,38.7,5.8,grass,way,1425101947,83.5,alta
985,308994918,SP-348,Rodovia dos Bandeirantes,yes,3,120,-22.8834011,-47.2337155,37.3,5.7,grass,way,1425101947,83.5,alta
986,308994918,SP-348,Rodovia dos Bandeirantes,yes,3,120,-22.8835176,-47.2333865,35.0,5.5,grass,way,1425101947,83.5,alta
987,308994918,SP-348,Rodovia dos Bandeirantes,yes,3,120,-22.8836479,-47.233074,35.3,5.8,grass,way,1425101947,83.5,alta
988,308994918,SP-348,Rodovia dos Bandeirantes,yes,3,120,-22.8837988,-47.232754,38.4,6.0,grass,way,1425101947,83.4,alta
989,308994918,SP-348,Rodovia dos Bandeirantes,yes,3,120,-22.8839771,-47.2324214,40.5,6.4,grass,way,1425101947,83.3,alta
990,308994918,SP-348,Rodovia dos Bandeirantes,yes,3,120,-22.8841476,-47.2321331,29.7,5.6,grass,way,1425101947,83.5,alta
991,308994918,SP-348,Rodovia dos Bandeirantes,yes,3,120,-22.8843094,-47.231886,32.5,5.5,grass,way,1425101947,83.5,alta
992,308994918,SP-348,Rodovia dos Bandeirantes,yes,3,120,-22.8845129,-47.2316134,39.5,5.9,grass,way,1425101947,83.4,alta
993,308994918,SP-348,Rodovia dos Bandeirantes,yes,3,120,-22.8847472,-47.23133,38.6,5.7,grass,way,1425101947,83.5,alta
994,308994918,SP-348,Rodovia dos Bandeirantes,yes,3,120,-22.8850331,-47.2310237,50.8,6.4,grass,way,1425101947,83.3,alta
995,308994918,SP-348,Rodovia dos Bandeirantes,yes,3,120,-22.8853046,-47.2307546,31.0,5.6,grass,way,1425101947,83.5,alta
996,308994918,SP-348,Rodovia dos Bandeirantes,yes,3,120,-22.8855159,-47.2305629,30.3,5.4,grass,way,1425101947,83.6,alta
997,308994918,SP-348,Rodovia dos Bandeirantes,yes,3,120,-22.8857244,-47.2303901,28.1,4.9,grass,way,1425101947,83.7,alta
998,308994918,SP-348,Rodovia dos Bandeirantes,yes,3,120,-22.8859421,-47.2302312,30.3,5.3,grass,way,1425101947,83.6,alta
999,308994918,SP-348,Rodovia dos Bandeirantes,yes,3,120,-22.886179,-47.2300749,31.3,6.1,grass,way,1425101947,83.4,alta
1000,308994918,SP-348,Rodovia dos Bandeirantes,yes,3,120,-22.8864295,-47.2299211,32.7,6.0,grass,way,1425101947,83.4,alta
1001,308994919,SP-348,Rodovia dos Bandeirantes,yes,3,120,-22.9121526,-47.1814587,45.1,23.3,grass,way,1425941129,78.8,alta
1002,308994924,SP-348,Rodovia dos Bandeirantes,yes,3,120,-22.9123772,-47.1814313,42.9,24.1,grass,way,1425941129,78.6,alta
1003,308994927,SP-348,Rodovia dos Bandeirantes,yes,4,120,-22.9283774,-47.1290319,188.4,8.1,grass,way,1413364012,82.9,alta
1004,308994927,SP-348,Rodovia dos Bandeirantes,yes,4,120,-22.9273815,-47.1292741,38.6,8.3,grass,way,1413364012,82.8,alta
1005,308994927,SP-348,Rodovia dos Bandeirantes,yes,4,120,-22.9266666,-47.1294798,125.9,7.2,grass,way,1413364012,83.1,alta
1006,308994930,SP-348,Rodovia dos Bandeirantes,yes,3,120,-22.9229688,-47.1314011,38.6,4.0,grass,way,1413364012,83.9,alta
1007,308994930,SP-348,Rodovia dos Bandeirantes,yes,3,120,-22.9226906,-47.1316744,44.9,4.2,grass,way,1413364012,83.9,alta
1008,308994930,SP-348,Rodovia dos Bandeirantes,yes,3,120,-22.9223919,-47.1320054,50.1,5.6,grass,way,1413364012,83.5,alta
1009,308994930,SP-348,Rodovia dos Bandeirantes,yes,3,120,-22.9221205,-47.1323424,41.7,6.0,grass,way,1413364012,83.4,alta
1010,308994930,SP-348,Rodovia dos Bandeirantes,yes,3,120,-22.9218986,-47.1326567,39.5,6.1,grass,way,1413364012,83.4,alta
1011,328899205,SP-348,Rodovia dos Bandeirantes,yes,3,120,-23.213767,-46.9201864,76.0,481.7,meadow,way,615413393,10.0,baixa
1012,328899205,SP-348,Rodovia dos Bandeirantes,yes,3,120,-23.2141131,-46.919769,38.9,441.1,meadow,way,615413393,10.0,baixa
1013,328899205,SP-348,Rodovia dos Bandeirantes,yes,3,120,-23.2147578,-46.9189272,185.1,365.2,meadow,way,615413393,10.0,baixa
1014,328899205,SP-348,Rodovia dos Bandeirantes,yes,3,120,-23.216189,-46.9170223,317.8,244.5,meadow,way,615413393,24.8,baixa
1015,328899205,SP-348,Rodovia dos Bandeirantes,yes,3,120,-23.2176729,-46.9150422,204.4,340.0,meadow,way,615413393,10.0,baixa
1016,328899205,SP-348,Rodovia dos Bandeirantes,yes,3,120,-23.2191454,-46.9130841,312.7,435.0,wood,way,1017177423,15.0,baixa
1017,328899206,SP-348,Rodovia dos Bandeirantes,yes,3,120,-23.2134506,-46.9205582,27.6,486.3,wood,way,1086211823,15.0,baixa
1018,328899211,SP-348,Rodovia dos Bandeirantes,yes,3,120,-23.2128566,-46.920609,44.8,427.1,wood,way,1086211823,15.0,baixa
1019,328899211,SP-348,Rodovia dos Bandeirantes,yes,3,120,-23.2123561,-46.9211311,109.5,404.4,wood,way,1086211823,15.0,baixa
1020,328899211,SP-348,Rodovia dos Bandeirantes,yes,3,120,-23.2114689,-46.9219903,154.7,393.0,wood,way,1086211823,15.0,baixa
1021,328899211,SP-348,Rodovia dos Bandeirantes,yes,3,120,-23.2105153,-46.9228322,118.5,390.8,wood,way,1086211823,15.0,baixa
1022,328899211,SP-348,Rodovia dos Bandeirantes,yes,3,120,-23.2096119,-46.9235386,128.9,381.5,wood,way,1086211823,15.0,baixa
1023,328899211,SP-348,Rodovia dos Bandeirantes,yes,3,120,-23.2087719,-46.9241461,95.4,369.0,wood,way,1086211823,15.0,baixa
1024,328899211,SP-348,Rodovia dos Bandeirantes,yes,3,120,-23.2079774,-46.9246598,110.2,352.4,wood,way,1086211823,15.0,baixa
1025,328899211,SP-348,Rodovia dos Bandeirantes,yes,3,120,-23.2072347,-46.9250982,77.7,340.1,wood,way,1086211823,15.0,baixa
1026,328899211,SP-348,Rodovia dos Bandeirantes,yes,3,120,-23.2063105,-46.9255826,150.5,321.2,wood,way,1086203968,15.0,baixa
1027,328899211,SP-348,Rodovia dos Bandeirantes,yes,3,120,-23.2053347,-46.9260522,86.9,270.5,wood,way,1086203968,22.9,baixa
1028,328899211,SP-348,Rodovia dos Bandeirantes,yes,3,120,-23.204741,-46.9263043,54.9,252.4,wood,way,1086203968,27.7,baixa
1029,328899211,SP-348,Rodovia dos Bandeirantes,yes,3,120,-23.2043521,-46.9264585,37.1,235.2,wood,way,1086203968,32.3,baixa
1030,328899211,SP-348,Rodovia dos Bandeirantes,yes,3,120,-23.2036054,-46.9267253,137.7,212.7,wood,way,1086203968,38.3,baixa
1031,328899211,SP-348,Rodovia dos Bandeirantes,yes,3,120,-23.2019715,-46.9272859,243.3,204.1,wood,way,1086203968,40.6,media
1032,328899211,SP-348,Rodovia dos Bandeirantes,yes,3,120,-23.2002729,-46.9278618,152.4,93.2,wood,way,1086203965,70.1,alta
1033,328899212,SP-348,Rodovia dos Bandeirantes,yes,3,120,-23.2130815,-46.9203592,26.7,440.8,wood,way,1086211823,15.0,baixa
1034,340380984,SP-348,Rodovia dos Bandeirantes,yes,3,120,-23.2482672,-46.8777152,43.3,12.6,grass,way,1412886611,81.6,alta
1035,340380985,SP-348,Rodovia dos Bandeirantes,yes,3,120,-23.2478986,-46.8781066,71.3,8.8,grass,way,1413149395,82.6,alta
1036,340380985,SP-348,Rodovia dos Bandeirantes,yes,3,120,-23.2473255,-46.8786877,102.9,10.4,grass,way,1413149395,82.2,alta
1037,340380985,SP-348,Rodovia dos Bandeirantes,yes,3,120,-23.2462474,-46.8796801,211.3,10.6,grass,way,1413149395,82.2,alta
1038,340380985,SP-348,Rodovia dos Bandeirantes,yes,3,120,-23.2447752,-46.8808997,200.4,7.1,grass,way,1413149395,83.1,alta
1039,340380985,SP-348,Rodovia dos Bandeirantes,yes,3,120,-23.2435631,-46.881861,133.2,6.8,grass,way,1413149395,83.2,alta
1040,340380985,SP-348,Rodovia dos Bandeirantes,yes,3,120,-23.2426441,-46.882667,129.4,4.8,grass,way,1413149395,83.7,alta
1041,340380985,SP-348,Rodovia dos Bandeirantes,yes,3,120,-23.2420368,-46.8832467,50.2,6.2,grass,way,1413149395,83.4,alta
1042,340380985,SP-348,Rodovia dos Bandeirantes,yes,3,120,-23.2407028,-46.8847715,380.1,6.9,grass,way,1413149395,83.2,alta
1043,340380985,SP-348,Rodovia dos Bandeirantes,yes,3,120,-23.2389946,-46.8867496,174.6,7.2,grass,way,1413149395,83.1,alta
1044,340380986,SP-348,Rodovia dos Bandeirantes,yes,3,120,-23.2485274,-46.8780192,44.0,14.0,grass,way,1412886611,81.3,alta
1045,340527325,SP-348,Rodovia dos Bandeirantes,yes,3,120,-23.2334014,-46.8933974,39.6,21.5,grass,way,1413149394,79.3,alta
1046,340527328,SP-348,Rodovia dos Bandeirantes,yes,3,120,-23.2319197,-46.8953674,480.6,9.2,grass,way,1413149393,82.5,alta
1047,340527328,SP-348,Rodovia dos Bandeirantes,yes,3,120,-23.2301385,-46.897719,142.2,11.5,grass,way,1413149393,81.9,alta
1048,340527793,SP-348,Rodovia dos Bandeirantes,yes,3,120,-23.2337441,-46.8935956,27.0,7.2,grass,way,1413149394,83.1,alta
1049,340527793,SP-348,Rodovia dos Bandeirantes,yes,3,120,-23.2341921,-46.8930034,129.8,6.6,grass,way,1413149394,83.2,alta
1050,340527793,SP-348,Rodovia dos Bandeirantes,yes,3,120,-23.2347425,-46.892292,60.3,5.7,grass,way,1413149394,83.5,alta
1051,340527793,SP-348,Rodovia dos Bandeirantes,yes,3,120,-23.2350658,-46.8918941,48.3,5.6,grass,way,1413149394,83.5,alta
1052,340527793,SP-348,Rodovia dos Bandeirantes,yes,3,120,-23.2366547,-46.8900467,468.8,5.9,grass,way,1413149394,83.4,alta
1053,340527795,SP-348,Rodovia dos Bandeirantes,yes,3,120,-23.2335608,-46.8938485,38.9,19.9,grass,way,1413149393,79.7,alta
1054,343482879,SP-348,Rodovia dos Bandeirantes,yes,3,120,-23.0603507,-47.0418825,50.9,23.7,grass,way,1091081572,78.7,alta
1055,343482880,SP-348,Rodovia dos Bandeirantes,yes,3,120,-23.0612527,-47.0408868,235.0,8.1,grass,way,1091081572,82.8,alta
1056,343482880,SP-348,Rodovia dos Bandeirantes,yes,3,120,-23.0622017,-47.0398564,63.3,6.5,grass,way,1091081572,83.3,alta
1057,343482880,SP-348,Rodovia dos Bandeirantes,yes,3,120,-23.0633416,-47.0386226,294.4,5.7,grass,way,1091081572,83.5,alta
1058,343482880,SP-348,Rodovia dos Bandeirantes,yes,3,120,-23.065734,-47.0360599,452.6,5.6,grass,way,1091081572,83.5,alta
1059,343482880,SP-348,Rodovia dos Bandeirantes,yes,3,120,-23.0676175,-47.0340535,134.0,5.5,grass,way,1091081572,83.5,alta
1060,343482880,SP-348,Rodovia dos Bandeirantes,yes,3,120,-23.0682875,-47.0333229,77.1,5.3,grass,way,1091081572,83.6,alta
1061,343482881,SP-348,Rodovia dos Bandeirantes,yes,3,120,-23.0595546,-47.0420568,95.9,101.0,grass,way,1091081572,58.1,media
1062,343482882,SP-348,Rodovia dos Bandeirantes,yes,3,120,-23.06002,-47.0415475,51.0,29.2,grass,way,1091081572,77.2,alta
1063,371365997,SP-348,Rodovia dos Bandeirantes,yes,3,120,-23.2299052,-46.8986902,46.4,16.3,grass,way,1413149393,80.6,alta
1064,371365998,SP-348,Rodovia dos Bandeirantes,yes,3,120,-23.2284862,-46.8999106,347.7,213.8,grass,way,1413149393,28.0,baixa
1065,371365998,SP-348,Rodovia dos Bandeirantes,yes,3,120,-23.2268697,-46.9020791,223.0,498.1,grass,way,1413149393,5.0,baixa
1066,371365998,SP-348,Rodovia dos Bandeirantes,yes,3,120,-23.2249977,-46.9046005,439.5,286.4,wood,way,1017177423,18.6,baixa
1067,371365998,SP-348,Rodovia dos Bandeirantes,yes,3,120,-23.2233068,-46.9068736,158.2,113.3,wood,way,1017177423,64.8,media
1068,371365998,SP-348,Rodovia dos Bandeirantes,yes,3,120,-23.2213904,-46.9094213,514.7,222.5,wood,way,1017177423,35.7,baixa
1069,371366000,SP-348,Rodovia dos Bandeirantes,yes,3,120,-23.2296014,-46.8984224,44.7,21.3,grass,way,1413149393,79.3,alta
1070,378672934,SP-348,Rodovia dos Bandeirantes,yes,3,120,-23.2201471,-46.9117659,36.9,343.8,wood,way,1017177423,15.0,baixa
1071,378672935,SP-348,Rodovia dos Bandeirantes,yes,3,120,-23.2198242,-46.9115035,35.3,307.2,wood,way,1017177423,15.0,baixa
1072,378672936,SP-348,Rodovia dos Bandeirantes,yes,3,120,-23.2190502,-46.9125319,236.4,379.0,wood,way,1017177423,15.0,baixa
1073,378672936,SP-348,Rodovia dos Bandeirantes,yes,3,120,-23.2166666,-46.9156947,599.6,310.1,meadow,way,615413393,10.0,baixa
1074,378672936,SP-348,Rodovia dos Bandeirantes,yes,3,120,-23.2143494,-46.9187719,213.5,409.8,meadow,way,615413393,10.0,baixa
1075,378672936,SP-348,Rodovia dos Bandeirantes,yes,3,120,-23.2134527,-46.9199223,94.9,468.0,wood,way,1086211823,15.0,baixa
1076,378672937,SP-348,Rodovia dos Bandeirantes,yes,3,120,-23.2212132,-46.9103243,341.3,288.3,wood,way,1017177423,18.1,baixa
1077,378672937,SP-348,Rodovia dos Bandeirantes,yes,3,120,-23.2227541,-46.9082382,205.7,148.2,wood,way,1017177423,55.5,media
1078,378672937,SP-348,Rodovia dos Bandeirantes,yes,3,120,-23.2243742,-46.9060676,365.8,189.3,wood,way,1017177423,44.5,media
1079,378672937,SP-348,Rodovia dos Bandeirantes,yes,3,120,-23.2259726,-46.9039359,196.5,392.2,wood,way,1017177423,15.0,baixa
1080,378672937,SP-348,Rodovia dos Bandeirantes,yes,3,120,-23.2274459,-46.9019745,321.2,448.0,grass,way,1413149393,5.0,baixa
1081,378672937,SP-348,Rodovia dos Bandeirantes,yes,3,120,-23.2290622,-46.8998079,249.1,162.9,grass,way,1413149393,41.6,media
1082,392343535,SP-348,Rodovia dos Bandeirantes,yes,3,120,-23.002884,-47.0984402,131.3,27.3,grass,way,1091081565,77.7,alta
1083,392343537,SP-348,Rodovia dos Bandeirantes,yes,3,120,-23.0022851,-47.0989604,39.3,3.0,grass,way,1091081565,84.2,alta
1084,392343537,SP-348,Rodovia dos Bandeirantes,yes,3,120,-23.0018,-47.0993771,98.4,4.2,grass,way,1091081565,83.9,alta
1085,392343537,SP-348,Rodovia dos Bandeirantes,yes,3,120,-23.0010979,-47.099948,96.7,5.1,grass,way,1091081565,83.6,alta
1086,392343537,SP-348,Rodovia dos Bandeirantes,yes,3,120,-23.0002095,-47.1006793,151.2,5.1,grass,way,1091081565,83.6,alta
1087,392343537,SP-348,Rodovia dos Bandeirantes,yes,3,120,-22.9992009,-47.1015268,132.4,5.5,grass,way,1091081565,83.5,alta
1088,392343537,SP-348,Rodovia dos Bandeirantes,yes,3,120,-22.998438,-47.1022068,87.2,4.3,grass,way,1091081565,83.8,alta
1089,392343537,SP-348,Rodovia dos Bandeirantes,yes,3,120,-22.9979474,-47.1026732,57.8,5.0,grass,way,1091081565,83.7,alta
1090,392343541,SP-348,Rodovia dos Bandeirantes,yes,3,120,-23.0042375,-47.0978571,127.7,174.7,grass,way,1091081565,38.4,baixa
1091,392343541,SP-348,Rodovia dos Bandeirantes,yes,3,120,-23.0051244,-47.097121,120.5,298.8,grass,way,1091081565,5.3,baixa
1092,392343541,SP-348,Rodovia dos Bandeirantes,yes,3,120,-23.005727,-47.0966164,48.7,383.4,grass,way,1091081565,5.0,baixa
1093,392343541,SP-348,Rodovia dos Bandeirantes,yes,3,120,-23.0060591,-47.0963254,46.2,430.8,grass,way,1091081565,5.0,baixa
1094,392343541,SP-348,Rodovia dos Bandeirantes,yes,3,120,-23.006359,-47.0960491,41.3,474.4,grass,way,1091081565,5.0,baixa
1095,392343541,SP-348,Rodovia dos Bandeirantes,yes,3,120,-23.0066923,-47.0957212,58.8,500.0,sem_feicao_em_500m,,,0.0,baixa
1096,392343541,SP-348,Rodovia dos Bandeirantes,yes,3,120,-23.0070145,-47.0953852,40.6,500.0,sem_feicao_em_500m,,,0.0,baixa
1097,392343541,SP-348,Rodovia dos Bandeirantes,yes,3,120,-23.0072885,-47.0950869,45.7,500.0,sem_feicao_em_500m,,,0.0,baixa
1098,392343541,SP-348,Rodovia dos Bandeirantes,yes,3,120,-23.0076256,-47.0947006,63.2,500.0,sem_feicao_em_500m,,,0.0,baixa
1099,392343541,SP-348,Rodovia dos Bandeirantes,yes,3,120,-23.0080711,-47.094144,87.8,500.0,sem_feicao_em_500m,,,0.0,baixa
1100,392343541,SP-348,Rodovia dos Bandeirantes,yes,3,120,-23.0085155,-47.0935439,69.9,500.0,sem_feicao_em_500m,,,0.0,baixa
1101,392343541,SP-348,Rodovia dos Bandeirantes,yes,3,120,-23.0089531,-47.0929199,90.7,500.0,sem_feicao_em_500m,,,0.0,baixa
1102,416632952,SP-348,Rodovia dos Bandeirantes,yes,3,120,-23.2305645,-46.8978326,182.1,7.6,grass,way,1413149393,83.0,alta
1103,416632952,SP-348,Rodovia dos Bandeirantes,yes,3,120,-23.2322698,-46.8955722,415.6,8.0,grass,way,1413149393,82.9,alta
1104,495275933,SP-348,Rodovia dos Bandeirantes,yes,3,120,-23.2492295,-46.8771413,75.1,3.5,grass,way,1412886611,84.1,alta
1105,495275933,SP-348,Rodovia dos Bandeirantes,yes,3,120,-23.2497258,-46.8765247,92.4,3.7,grass,way,1412886611,84.0,alta
1106,607179610,SP-348,Rodovia dos Bandeirantes,yes,3,120,-23.0546898,-47.0472355,200.3,237.8,wood,way,1089699300,31.6,baixa
1107,721224914,SP-348,Rodovia dos Bandeirantes,yes,10,120,-23.0595519,-47.042896,222.2,157.2,grass,way,1091081572,43.1,media
1108,721224915,SP-348,Rodovia dos Bandeirantes,yes,10,35,-23.058057,-47.0448205,8.2,376.6,wood,way,376421430,15.0,baixa
1109,721224915,SP-348,Rodovia dos Bandeirantes,yes,10,35,-23.0581149,-47.0447674,8.6,373.6,wood,way,376421430,15.0,baixa
1110,721224916,SP-348,Rodovia dos Bandeirantes,yes,10,35,-23.0576114,-47.044204,7.6,403.9,grass,way,1091081572,5.0,baixa
1111,721224916,SP-348,Rodovia dos Bandeirantes,yes,10,35,-23.0575586,-47.0442628,9.2,412.2,grass,way,1091081572,5.0,baixa
1112,721224917,SP-348,Rodovia dos Bandeirantes,yes,10,120,-23.0565668,-47.0452523,67.8,491.4,wood,way,1089699300,15.0,baixa
1113,721224917,SP-348,Rodovia dos Bandeirantes,yes,10,120,-23.0558361,-47.0460112,157.2,394.8,wood,way,1089699300,15.0,baixa
1114,722912867,SP-348,Rodovia dos Bandeirantes,yes,3,120,-23.2488342,-46.8776393,59.4,4.3,grass,way,1412886611,83.8,alta
1115,870744195,SP-348,Rodovia dos Bandeirantes,yes,3,120,-23.1992147,-46.9282173,94.0,21.2,wood,way,1086203965,89.3,alta
1116,870744196,SP-348,Rodovia dos Bandeirantes,yes,3,120,-23.1961275,-46.9292514,624.4,56.3,wood,way,1086203955,80.0,alta
1117,870744196,SP-348,Rodovia dos Bandeirantes,yes,3,120,-23.1927805,-46.9303731,154.5,28.8,wood,way,1086203955,87.3,alta
1118,870744196,SP-348,Rodovia dos Bandeirantes,yes,3,120,-23.1912654,-46.9309053,199.6,82.4,wood,way,1086203955,73.0,alta
1119,870744196,SP-348,Rodovia dos Bandeirantes,yes,3,120,-23.1895683,-46.9314927,196.5,95.6,wood,way,1094352147,69.5,media
1120,870744196,SP-348,Rodovia dos Bandeirantes,yes,3,120,-23.1882552,-46.9319317,109.0,75.3,wood,way,1094352147,74.9,alta
1121,870744196,SP-348,Rodovia dos Bandeirantes,yes,3,120,-23.1872397,-46.9322743,127.5,113.9,wood,way,1094352147,64.6,media
1122,870744196,SP-348,Rodovia dos Bandeirantes,yes,3,120,-23.1864668,-46.9325328,52.4,154.8,wood,way,1094352243,53.7,media
1123,870744197,SP-348,Rodovia dos Bandeirantes,yes,3,120,-23.1983798,-46.9289232,87.5,57.6,wood,way,1086203965,79.7,alta
1124,870744198,SP-348,Rodovia dos Bandeirantes,yes,3,120,-23.1865964,-46.9329063,73.3,148.4,wood,way,1094352147,55.4,media
1125,870744198,SP-348,Rodovia dos Bandeirantes,yes,3,120,-23.1878682,-46.9324724,223.1,46.8,wood,way,1094352147,82.5,alta
1126,870744198,SP-348,Rodovia dos Bandeirantes,yes,3,120,-23.1899881,-46.9317616,270.2,70.6,wood,way,1094352148,76.2,alta
1127,870744198,SP-348,Rodovia dos Bandeirantes,yes,3,120,-23.1918558,-46.9311262,165.0,71.4,wood,way,1086203955,76.0,alta
1128,870744198,SP-348,Rodovia dos Bandeirantes,yes,3,120,-23.1928876,-46.930775,75.4,71.5,wood,way,1086203955,75.9,alta
1129,870744198,SP-348,Rodovia dos Bandeirantes,yes,3,120,-23.1956082,-46.9298589,557.9,85.0,wood,way,1094352148,72.3,alta
1130,987534446,SP-348,Rodovia dos Bandeirantes,yes,4,120,-22.9272383,-47.1298595,25.9,8.2,grass,way,1413364012,82.8,alta
1131,987534446,SP-348,Rodovia dos Bandeirantes,yes,4,120,-22.9275104,-47.129764,37.8,8.2,grass,way,1413364012,82.8,alta
1132,987534446,SP-348,Rodovia dos Bandeirantes,yes,4,120,-22.9284253,-47.1294889,173.4,8.4,grass,way,1413364012,82.8,alta
1133,987534446,SP-348,Rodovia dos Bandeirantes,yes,4,120,-22.9297665,-47.1291001,135.4,7.1,grass,way,1413364012,83.1,alta
1134,987534446,SP-348,Rodovia dos Bandeirantes,yes,4,120,-22.9311182,-47.128716,175.4,7.2,grass,way,1413364011,83.1,alta
1135,987534446,SP-348,Rodovia dos Bandeirantes,yes,4,120,-22.9326428,-47.1282874,174.9,7.0,grass,way,1413364011,83.1,alta
1136,987534447,SP-348,Rodovia dos Bandeirantes,yes,2,120,-22.9218882,-47.1342712,27.6,71.8,wood,way,1074239244,75.9,alta
1137,987534447,SP-348,Rodovia dos Bandeirantes,yes,2,120,-22.9220373,-47.1339977,37.5,70.7,wood,way,1074239244,76.1,alta
1138,987534447,SP-348,Rodovia dos Bandeirantes,yes,2,120,-22.9222178,-47.1336946,36.5,68.6,wood,way,1074239244,76.7,alta
1139,987534447,SP-348,Rodovia dos Bandeirantes,yes,2,120,-22.9224197,-47.1334063,37.8,63.8,grass,way,1413364012,68.0,media
1140,987534447,SP-348,Rodovia dos Bandeirantes,yes,2,120,-22.9226167,-47.1331474,31.0,52.0,grass,way,1413364012,71.1,alta
1141,987534447,SP-348,Rodovia dos Bandeirantes,yes,2,120,-22.9228012,-47.1329152,31.8,41.8,grass,way,1413364012,73.9,alta
1142,987534447,SP-348,Rodovia dos Bandeirantes,yes,2,120,-22.9230024,-47.1326851,33.2,33.8,grass,way,1413364012,76.0,alta
1143,987534447,SP-348,Rodovia dos Bandeirantes,yes,2,120,-22.9232156,-47.1324654,32.2,17.3,wood,way,1074239244,90.4,alta
1144,987534447,SP-348,Rodovia dos Bandeirantes,yes,2,120,-22.9236261,-47.1320933,86.7,17.6,wood,way,1074239244,90.3,alta
1145,987534447,SP-348,Rodovia dos Bandeirantes,yes,2,120,-22.9242833,-47.1315606,95.8,15.2,wood,way,1074239244,90.9,alta
1146,987534447,SP-348,Rodovia dos Bandeirantes,yes,2,120,-22.9248009,-47.1311532,46.4,14.2,grass,way,1413364012,81.2,alta
1147,988108607,SP-348,Rodovia dos Bandeirantes,yes,5,120,-22.9253294,-47.130792,92.9,11.1,grass,way,1413364012,82.0,alta
1148,988108607,SP-348,Rodovia dos Bandeirantes,yes,5,120,-22.9260556,-47.1303915,88.4,10.1,grass,way,1413364012,82.3,alta
1149,988108607,SP-348,Rodovia dos Bandeirantes,yes,5,120,-22.9267728,-47.1300573,85.3,9.5,grass,way,1413364012,82.5,alta
1150,988413062,SP-348,Rodovia dos Bandeirantes,yes,4,120,-22.9569246,-47.1254492,32.5,6.6,grass,way,1413364011,83.2,alta
1151,988413062,SP-348,Rodovia dos Bandeirantes,yes,4,120,-22.9566251,-47.1254861,34.5,6.4,grass,way,1413364011,83.3,alta
1152,988413062,SP-348,Rodovia dos Bandeirantes,yes,4,120,-22.9563152,-47.1255102,34.7,6.3,grass,way,1413364011,83.3,alta
1153,988416860,SP-348,Rodovia dos Bandeirantes,yes,4,120,-22.978851,-47.1122147,39.6,9.4,grass,way,1091081565,82.5,alta
1154,988416860,SP-348,Rodovia dos Bandeirantes,yes,4,120,-22.979195,-47.1121236,39.2,8.6,grass,way,1091081565,82.7,alta
1155,988416860,SP-348,Rodovia dos Bandeirantes,yes,4,120,-22.9796175,-47.1120413,56.4,8.7,grass,way,1091081565,82.7,alta
1156,988416860,SP-348,Rodovia dos Bandeirantes,yes,4,120,-22.9801175,-47.1119808,55.5,10.0,grass,way,1091081565,82.3,alta
1157,988416860,SP-348,Rodovia dos Bandeirantes,yes,4,120,-22.9806969,-47.1119511,73.6,10.1,grass,way,1091081565,82.3,alta
1158,988416860,SP-348,Rodovia dos Bandeirantes,yes,4,120,-22.981473,-47.1119231,99.1,9.7,grass,way,1091081565,82.4,alta
1159,988416860,SP-348,Rodovia dos Bandeirantes,yes,4,120,-22.9824922,-47.1118742,127.8,8.9,grass,way,1091081565,82.6,alta
1160,988416860,SP-348,Rodovia dos Bandeirantes,yes,4,120,-22.984191,-47.111795,250.4,10.4,grass,way,1091081565,82.2,alta
1161,988416860,SP-348,Rodovia dos Bandeirantes,yes,4,120,-22.9854717,-47.1117361,34.7,10.5,grass,way,1091081565,82.2,alta
1162,988416860,SP-348,Rodovia dos Bandeirantes,yes,4,120,-22.9865617,-47.1117036,207.8,10.0,grass,way,1091081565,82.3,alta
1163,988416860,SP-348,Rodovia dos Bandeirantes,yes,4,120,-22.987602,-47.1116741,23.6,11.2,grass,way,1091081565,82.0,alta
1164,988416861,SP-348,Rodovia dos Bandeirantes,yes,3,120,-22.9599573,-47.1249351,70.2,7.1,grass,way,1091081565,83.1,alta
1165,988416861,SP-348,Rodovia dos Bandeirantes,yes,3,120,-22.9605357,-47.124625,73.5,8.7,grass,way,1091081565,82.7,alta
1166,988416861,SP-348,Rodovia dos Bandeirantes,yes,3,120,-22.9611796,-47.1241859,95.8,8.8,grass,way,1091081565,82.7,alta
1167,988416861,SP-348,Rodovia dos Bandeirantes,yes,3,120,-22.9618842,-47.123638,97.0,10.0,grass,way,1091081565,82.3,alta
1168,988416861,SP-348,Rodovia dos Bandeirantes,yes,3,120,-22.9634412,-47.1223418,339.3,8.1,grass,way,1091081565,82.9,alta
1169,988416861,SP-348,Rodovia dos Bandeirantes,yes,3,120,-22.9655794,-47.1205612,259.9,9.0,grass,way,1091081565,82.6,alta
1170,988416861,SP-348,Rodovia dos Bandeirantes,yes,3,120,-22.9674125,-47.1190568,251.0,11.7,grass,way,1091081565,81.9,alta
1171,988416861,SP-348,Rodovia dos Bandeirantes,yes,3,120,-22.96905,-47.1178051,194.6,9.8,grass,way,1091081565,82.4,alta
1172,988416861,SP-348,Rodovia dos Bandeirantes,yes,3,120,-22.9710333,-47.1165383,317.4,10.8,grass,way,1091081565,82.1,alta
1173,988416861,SP-348,Rodovia dos Bandeirantes,yes,3,120,-22.9739797,-47.1147749,430.7,9.6,grass,way,1091081565,82.4,alta
1174,988416861,SP-348,Rodovia dos Bandeirantes,yes,3,120,-22.975959,-47.1135953,71.3,11.4,grass,way,1091081565,82.0,alta
1175,988416861,SP-348,Rodovia dos Bandeirantes,yes,3,120,-22.9763856,-47.1133442,36.6,12.4,grass,way,1091081565,81.7,alta
1176,988416861,SP-348,Rodovia dos Bandeirantes,yes,3,120,-22.9766756,-47.1131831,35.9,12.9,grass,way,1091081565,81.6,alta
1177,988416861,SP-348,Rodovia dos Bandeirantes,yes,3,120,-22.9769727,-47.1130184,38.3,13.2,grass,way,1091081565,81.5,alta
1178,988416861,SP-348,Rodovia dos Bandeirantes,yes,3,120,-22.9772801,-47.1128461,38.7,12.7,grass,way,1091081565,81.6,alta
1179,988416861,SP-348,Rodovia dos Bandeirantes,yes,3,120,-22.9776709,-47.1126564,56.5,10.2,grass,way,1091081565,82.3,alta
1180,988416861,SP-348,Rodovia dos Bandeirantes,yes,3,120,-22.9780246,-47.1124946,28.8,8.8,grass,way,1091081565,82.6,alta
1181,988416861,SP-348,Rodovia dos Bandeirantes,yes,3,120,-22.9784107,-47.1123493,62.2,9.3,grass,way,1091081565,82.5,alta
1182,989727082,SP-348,Rodovia dos Bandeirantes,yes,3,120,-23.0032607,-47.0986755,146.6,38.0,grass,way,1091081565,74.9,alta
1183,990573034,SP-348,Rodovia dos Bandeirantes,yes,4,120,-22.87918,-47.248092,29.3,5.7,grass,way,1424893619,83.5,alta
1184,990573034,SP-348,Rodovia dos Bandeirantes,yes,4,120,-22.8789669,-47.2483862,47.4,6.2,grass,way,1424893619,83.3,alta
1185,990573034,SP-348,Rodovia dos Bandeirantes,yes,4,120,-22.8787985,-47.248607,11.3,6.8,grass,way,1424893619,83.2,alta
1186,990573035,SP-348,Rodovia dos Bandeirantes,yes,3,120,-22.8785905,-47.2488709,59.9,7.0,grass,way,1424893619,83.1,alta
1187,990573035,SP-348,Rodovia dos Bandeirantes,yes,3,120,-22.878198,-47.2493422,70.4,6.2,grass,way,1424893619,83.3,alta
1188,990573039,SP-348,Rodovia dos Bandeirantes,yes,4,120,-22.9010317,-47.2079063,68.0,7.4,grass,way,1413364015,83.0,alta
1189,990573040,SP-348,Rodovia dos Bandeirantes,yes,3,120,-22.9025757,-47.2055041,251.5,6.2,grass,way,1413364015,83.4,alta
1190,990573040,SP-348,Rodovia dos Bandeirantes,yes,3,120,-22.901545,-47.2070555,140.4,5.7,grass,way,1413364015,83.5,alta
1191,1061635259,SP-348,Rodovia dos Bandeirantes,yes,10,40,-23.0577794,-47.0440174,45.8,377.3,grass,way,1091081572,5.0,baixa
1192,1061635260,SP-348,Rodovia dos Bandeirantes,yes,10,60,-23.0581201,-47.0436482,61.2,324.0,grass,way,1091081572,5.0,baixa
1193,1061635261,SP-348,Rodovia dos Bandeirantes,yes,10,100,-23.0584926,-47.0432366,57.0,265.4,grass,way,1091081572,14.2,baixa
1194,1061635262,SP-348,Rodovia dos Bandeirantes,yes,10,120,-23.0588463,-47.0428391,56.2,209.6,grass,way,1091081572,29.1,baixa
1195,1061635263,SP-348,Rodovia dos Bandeirantes,yes,10,60,-23.0574652,-47.0443618,19.8,426.7,grass,way,1091081572,5.0,baixa
1196,1061635264,SP-348,Rodovia dos Bandeirantes,yes,3,120,-23.0543667,-47.0481941,111.2,137.5,wood,way,1089699300,58.3,media
1197,1061635265,SP-348,Rodovia dos Bandeirantes,yes,10,60,-23.0574028,-47.0453812,46.2,422.2,wood,way,376421430,15.0,baixa
1198,1061635266,SP-348,Rodovia dos Bandeirantes,yes,10,40,-23.0578006,-47.045049,65.5,392.2,wood,way,376421430,15.0,baixa
1199,1061635267,SP-348,Rodovia dos Bandeirantes,yes,10,100,-23.0570234,-47.0456868,58.9,455.7,wood,way,376421430,15.0,baixa
1200,1061635268,SP-348,Rodovia dos Bandeirantes,yes,10,120,-23.0565914,-47.0460695,65.1,413.4,wood,way,1089699300,15.0,baixa
1201,1061635269,SP-348,Rodovia dos Bandeirantes,yes,10,60,-23.0582375,-47.0446428,28.7,368.4,wood,way,376421430,15.0,baixa
1202,1062481449,SP-348,Rodovia dos Bandeirantes,yes,3,120,-23.0556475,-47.0469356,75.5,300.0,wood,way,1089699300,15.0,baixa
1203,1062481450,SP-348,Rodovia dos Bandeirantes,yes,3,120,-23.0614527,-47.0400319,143.3,7.1,grass,way,1091081572,83.1,alta
1204,1062481451,SP-348,Rodovia dos Bandeirantes,yes,3,120,-23.0605868,-47.0409463,125.1,6.7,grass,way,1091081572,83.2,alta
1205,1063069250,SP-348,Rodovia dos Bandeirantes,yes,10,80,-23.0572656,-47.0445689,41.6,457.4,grass,way,1091081572,5.0,baixa
1206,1063069251,SP-348,Rodovia dos Bandeirantes,yes,3,120,-23.0550616,-47.0475003,98.7,221.3,wood,way,1089699300,36.0,baixa
1207,1063069252,SP-348,Rodovia dos Bandeirantes,yes,3,120,-23.0537163,-47.0488604,87.6,58.5,wood,way,1089699300,79.4,alta
1208,1063069253,SP-348,Rodovia dos Bandeirantes,yes,10,100,-23.0587417,-47.0439703,62.1,299.2,grass,way,1091081572,5.2,baixa
1209,1066933256,SP-348,Rodovia dos Bandeirantes,yes,10,120,-23.0569662,-47.0448752,49.9,484.9,wood,way,376421430,15.0,baixa
1210,1066933257,SP-348,Rodovia dos Bandeirantes,yes,10,80,-23.0584526,-47.0443798,43.5,352.0,grass,way,1091081572,5.0,baixa
1211,1162670905,SP-348,Rodovia dos Bandeirantes,yes,3,120,-22.9550025,-47.1255572,257.4,6.0,grass,way,1413364011,83.4,alta
1212,1162670906,SP-348,Rodovia dos Bandeirantes,yes,3,120,-22.9584445,-47.1251106,25.3,5.5,grass,way,1413364011,83.5,alta
1213,1162670906,SP-348,Rodovia dos Bandeirantes,yes,3,120,-22.9582027,-47.1251832,30.5,6.0,grass,way,1413364011,83.4,alta
1214,1162670906,SP-348,Rodovia dos Bandeirantes,yes,3,120,-22.9579222,-47.1252497,33.4,6.4,grass,way,1413364011,83.3,alta
1215,1162670906,SP-348,Rodovia dos Bandeirantes,yes,3,120,-22.9575989,-47.1253199,39.9,6.3,grass,way,1413364011,83.3,alta
1216,1162670906,SP-348,Rodovia dos Bandeirantes,yes,3,120,-22.9572466,-47.1253954,39.9,6.5,grass,way,1413364011,83.3,alta
1217,1162670907,SP-348,Rodovia dos Bandeirantes,yes,4,120,-22.9565037,-47.1259266,22.7,5.4,grass,way,1413364011,83.6,alta
1218,1162670907,SP-348,Rodovia dos Bandeirantes,yes,4,120,-22.9566902,-47.1259091,19.0,5.4,grass,way,1413364011,83.5,alta
1219,1162670907,SP-348,Rodovia dos Bandeirantes,yes,4,120,-22.9569872,-47.1258709,47.5,5.2,grass,way,1413364011,83.6,alta
1220,1162670911,SP-348,Rodovia dos Bandeirantes,yes,3,120,-22.9573685,-47.1258093,38.2,5.9,grass,way,1413364011,83.4,alta
1221,1162670911,SP-348,Rodovia dos Bandeirantes,yes,3,120,-22.9577218,-47.125735,41.8,5.8,grass,way,1413364011,83.5,alta
1222,1162670911,SP-348,Rodovia dos Bandeirantes,yes,3,120,-22.9580522,-47.125658,33.3,5.5,grass,way,1413364011,83.5,alta
1223,1162670911,SP-348,Rodovia dos Bandeirantes,yes,3,120,-22.9583484,-47.1255809,34.4,5.5,grass,way,1413364011,83.5,alta
1224,1162670911,SP-348,Rodovia dos Bandeirantes,yes,3,120,-22.9586319,-47.1254932,31.2,6.6,grass,way,1413364011,83.2,alta
1225,1308654805,SP-348,Rodovia dos Bandeirantes,yes,10,120,-23.0591383,-47.0425173,36.2,164.3,grass,way,1091081572,41.2,media
